MATNR,MATNR_NEW
000000007079855880,1008
000000007422196584,4304
000000007422105071,5071
000000007422105074,5074
000000002674800607,6032
000000002674800608,6081
000000002674800907,9032
000000002674800908,9081
000000002674800917,9132
000000002674800918,9181
000000002674800923,9231
000000002674800927,9232
000000002674800933,9331
000000002674800937,9332
000000002674800943,9431
000000002674800947,9432
000000007422122232,22232
000000007422122233,22233
000000007422122234,22234
000000007422122235,22235
000000007422122242,22242
000000007422122616,22616
000000007422157068,57068
000000007422162008,62008
000000007079878709,76218
000000002674820003,200031
000000002674820013,200131
000000002674820023,200231
000000007079856070,201017
000000007079855889,201019
000000007079855794,202211
000000007079855995,202214
000000007079856245,202216
000000007079855600,203301
000000007079855619,203302
000000007079855612,203303
000000002674807008,207008
000000007079855807,208257
000000007079855767,208258
000000007079855449,208259
000000007079856142,208262
000000007079856143,208263
000000007079855778,208264
000000007079856209,208265
000000007079856186,208266
000000007079856153,208267
000000007079856148,208268
000000007079856145,208269
000000007079855664,208270
000000007079855784,211338
000000007079855425,211339
000000007079855434,211360
000000007079855826,214645
000000007079856212,214646
000000007079856232,214647
000000007079855775,215409
000000007079856199,223870
000000002674823003,230031
000000002674823013,230131
000000002674823023,230231
000000002674842170,242170
000000002674842173,242173
000000002674842179,242179
000000002674842181,242181
000000002674842182,242182
000000002674842184,242184
000000002674842185,242185
000000002674848015,248015
000000002674848016,248016
000000002674848017,248017
000000002674848033,248033
000000002674848034,248034
000000002674848035,248035
000000002674848036,248036
000000002674848037,248037
000000002674848038,248038
000000007079856118,248643
000000007079855861,248647
000000007079855783,248649
000000007079856203,248651
000000007079856096,248661
000000007079856187,248936
000000007079855193,248941
000000007079855730,249058
000000007079856056,249062
000000007079855891,249063
000000007079855788,249065
000000007079855856,249066
000000007079855993,249068
000000007079855875,249072
000000007079855394,249073
000000007079855393,249074
000000007079855396,249080
000000007079855857,249091
000000007079855666,249092
000000007079855210,249093
000000007079855985,249094
000000007079855679,249095
000000007079855697,249098
000000007079856041,249099
000000007079855859,249103
000000007079855835,249104
000000007079855655,249111
000000007079855637,249114
000000007079855691,249120
000000007079855707,249124
000000007079855395,249125
000000007079855740,249127
000000007079855191,249322
000000007079855858,249847
000000007079855634,249853
000000007079855892,249855
000000007079855864,249857
000000007079855392,249860
000000007079856022,249862
000000002674825003,250031
000000002674825013,250131
000000007422120034,250184
000000002674825023,250231
000000007079855382,251574
000000007079855866,251591
000000007079856119,251592
000000007079856226,251593
000000007079856196,251831
000000007079856178,251833
000000007079855741,251834
000000007079856059,251835
000000007079855689,251841
000000007079855643,251843
000000007079856087,251844
000000007079855731,251845
000000007079855742,253701
000000007079856093,253702
000000007079855732,253704
000000007079856286,253706
000000007079856210,253710
000000007079855661,253711
000000007079855667,253712
000000007079856122,253713
000000007079855680,253714
000000007079855692,253715
000000007079856058,253716
000000007079856166,253717
000000002674854214,254214
000000002674854215,254215
000000002674854216,254216
000000007079856134,257399
000000007079856244,257401
000000007079856149,257402
000000007079855854,257419
000000007079856230,257618
000000007079855192,257736
000000007079856271,258409
000000007079856136,259513
000000007079855828,259514
000000007079856225,259515
000000007079855401,259516
000000007079856228,259596
000000007079856144,259604
000000007079856229,259605
000000007079855804,259606
000000002674860162,260162
000000002674860163,260163
000000002674860165,260165
000000002674860167,260167
000000002674860168,260168
000000002674860169,260169
000000002674860170,260170
000000002674860172,260172
000000002674860309,260309
000000002674860354,260354
000000002674860355,260355
000000002674860356,260356
000000002674860357,260357
000000002674862074,262074
000000002674862075,262075
000000007079856184,262097
000000007079856183,262151
000000007079855693,262156
000000007079855668,262158
000000007079855687,262161
000000007079855836,262162
000000007079855638,262165
000000007079855698,262168
000000007079855415,262169
000000007079855715,262172
000000007079855656,262174
000000007079856023,262190
000000007079855733,262193
000000007079855410,262195
000000007079855997,262198
000000007079855951,262201
000000007079855635,262395
000000007079855982,263149
000000007079856181,263653
000000002674865482,265482
000000002674865483,265483
000000002674865484,265484
000000002674866228,266228
000000002674866233,266233
000000002674866239,266239
000000002674866240,266240
000000002674866241,266241
000000002674866251,266251
000000007422166296,266296
000000002674866316,266316
000000002674866317,266317
000000002674866318,266318
000000002674866320,266320
000000002674866321,266321
000000002674866322,266322
000000002674866323,266323
000000002674866324,266324
000000002674866325,266325
000000007079856303,266788
000000007079856304,266790
000000007079856274,267112
000000007079856005,268393
000000007079856157,268394
000000007079855959,268395
000000007079855639,268396
000000007079856204,268397
000000007079855837,268399
000000007079855433,268400
000000007079856223,268401
000000007079855428,268402
000000007079855699,268403
000000007079856214,268404
000000007079855408,268405
000000007079856176,268406
000000007079856125,268410
000000007079856064,268411
000000007079856182,268413
000000007079855208,268414
000000007079856007,268415
000000007079856108,268416
000000007079856211,268417
000000007079855211,268419
000000007079856277,269292
000000007079856205,270970
000000007079855750,271918
000000007079855681,271921
000000007079855645,271942
000000002674872043,272043
000000002674872045,272045
000000002674872048,272048
000000007079856336,272062
000000007079856272,272069
000000007079855649,272070
000000007079856278,272088
000000007079856305,273143
000000002674873171,273171
000000002674873172,273172
000000007079855827,273797
000000002674873901,273901
000000002674873902,273902
000000002674874802,274802
000000002674874803,274803
000000002674874804,274804
000000007079856218,276262
000000007079855991,276265
000000007079855640,276266
000000007079855682,276311
000000007079856043,276312
000000007079855669,276313
000000007079855420,276316
000000007079855419,276317
000000007079855976,276318
000000007079856103,276319
000000007079855743,276323
000000007079855729,276325
000000007079855398,276354
000000007079856276,280131
000000007079856273,280132
000000007079856275,280140
000000007079856270,280142
000000007079856294,280144
000000007079856062,281001
000000007079855893,281002
000000002674881827,281827
000000002674881828,281828
000000002674881829,281829
000000002674881831,281831
000000002674881832,281832
000000002674881833,281833
000000002674881910,281910
000000002674881911,281911
000000002674881912,281912
000000002674881936,281936
000000002674881937,281937
000000002674881938,281938
000000002674882312,282312
000000002674882324,282324
000000002674882325,282325
000000002674882336,282336
000000002674882337,282337
000000002674882339,282339
000000002674883222,283222
000000002674883223,283223
000000002674883224,283224
000000002674883225,283225
000000002674883226,283226
000000002674883227,283227
000000002674883228,283228
000000002674883229,283229
000000002674883230,283230
000000002674883231,283231
000000007079856053,285217
000000007079855417,285222
000000007079855980,285225
000000007079855882,285227
000000007079856071,286841
000000007079855411,287319
000000007079855894,287320
000000007079855957,287322
000000007079855431,292323
000000007079856031,299887
000000007079855841,299910
000000007079855657,300329
000000007079855683,300332
000000007079855670,300334
000000007079855744,300342
000000007079855736,300346
000000007079855694,300396
000000007079856026,301341
000000007079855195,301345
000000007079855954,301346
000000007079855745,301351
000000007079855650,301438
000000007079855444,302123
000000007079855801,302125
000000007079856107,302249
000000007079855442,302250
000000007079855842,302251
000000007079856044,302404
000000007079855977,302405
000000007079855829,302590
000000007079856255,302593
000000007079856192,302594
000000007079856114,302597
000000007079856116,302598
000000007079855830,302821
000000007079856112,302822
000000007079856237,302823
000000007079856256,302824
000000007079856193,302825
000000007079856113,302826
000000007079856110,302827
000000007079856115,302828
000000007079856117,302829
000000007079855746,304012
000000007079856198,306513
000000007079856197,306514
000000007079856262,306516
000000007079856261,306517
000000007079856208,306518
000000007079855402,313516
000000007079855895,313551
000000007079855439,313788
000000007079856258,313789
000000007079856257,313812
000000007079856233,313815
000000007079856265,314061
000000007079856180,314754
000000002674816290,316290
000000007079855671,316890
000000007079856013,317190
000000007079855896,317191
000000007079856011,317192
000000007079856235,317193
000000007079855409,317195
000000007079856162,317196
000000007079855601,318512
000000007079855771,318516
000000007079856213,318640
000000007079855831,320868
000000007079855967,321332
000000007079856028,321334
000000007079856046,321335
000000007079855970,321337
000000007079855968,321339
000000007079855990,321343
000000007079855209,321345
000000007079855972,321346
000000007079855956,321352
000000007079856008,321354
000000007079856104,321361
000000007079855969,321701
000000007079855971,321702
000000007079855998,321703
000000007079855962,321852
000000007079855747,327866
000000007079855897,327869
000000007079855838,327871
000000007079855684,327873
000000007079855710,327875
000000007079855647,327878
000000007079855658,327879
000000007079855677,327880
000000007079855960,327881
000000007079855843,327884
000000007079856014,327888
000000007079855955,327889
000000007079855898,327890
000000007079855696,327892
000000007079855984,327895
000000007079855886,327896
000000007079855702,327898
000000007079855887,327902
000000007079855851,327903
000000007079856072,327905
000000007079855734,327914
000000007079855899,327915
000000007079855953,327922
000000007079855900,327924
000000007079855872,327925
000000007079855869,327926
000000007079856012,327927
000000007079856032,327935
000000007079855385,327936
000000007079856259,327937
000000007079855901,327942
000000007079856126,327943
000000007079856009,327944
000000007079855902,327946
000000007079855903,327947
000000007079855849,327949
000000007079855636,327952
000000007079856065,328376
000000007079856068,328393
000000007079855904,328396
000000007079855809,328398
000000007079856019,328399
000000007079855879,328400
000000007079856239,329193
000000007079856253,329194
000000007079856050,329198
000000007079855905,329200
000000007079855877,329201
000000007079855878,329203
000000007079856156,330090
000000007079855806,330648
000000007079855770,330702
000000007079856202,330703
000000007079855414,330704
000000007079856015,330761
000000007079855844,330762
000000007079855676,330763
000000007079855839,330764
000000007079856224,330765
000000007079856002,330766
000000007079856219,330767
000000007079856123,330768
000000007079856159,330769
000000007079856206,330770
000000007079855701,330771
000000007079855644,330772
000000007079856073,330774
000000007079856215,330777
000000007079856038,330778
000000007079855802,330779
000000007079856174,330780
000000007079856088,330784
000000007079855906,330786
000000007079856188,330787
000000007079856150,330788
000000007079856120,330789
000000007079855812,330790
000000007079856133,330791
000000007079856057,330792
000000007079855907,330794
000000007079855908,330795
000000007079856135,330797
000000007079856234,330798
000000007079855964,330799
000000007079856036,330800
000000007079855986,330802
000000007079855909,330803
000000007079855384,331171
000000007079855975,331172
000000007079856264,331173
000000007079856066,331174
000000007079856217,331175
000000007079856263,331176
000000007079856016,331178
000000007079856018,331179
000000007079856017,331180
000000007079856069,331183
000000007079855881,331184
000000007079856098,331185
000000007079855800,331186
000000007079856020,331187
000000007079855966,331188
000000007079855430,331189
000000007079855436,331190
000000002674831331,331331
000000002674831332,331332
000000002674831333,331333
000000002674831334,331334
000000002674831335,331335
000000002674831336,331336
000000002674831337,331337
000000002674831338,331338
000000002674831339,331339
000000002674831340,331340
000000002674831382,331382
000000002674831383,331383
000000002674831384,331384
000000007079856200,333606
000000007079855737,334019
000000007079855748,334020
000000007079855704,334024
000000007079855695,334027
000000007079855641,334032
000000007079855659,334034
000000007079856086,334035
000000007079855840,334036
000000007079856129,334037
000000007079856042,334040
000000007079855700,334041
000000007079855685,334043
000000007079856160,334045
000000007079855672,334046
000000007079856127,334047
000000007079856063,334052
000000007079855386,334053
000000007079855845,334054
000000007079856171,334056
000000007079856170,334057
000000007079855910,334059
000000007079856082,334060
000000007079856131,334061
000000007079855911,334065
000000007079856163,334067
000000007079856161,334068
000000007079855912,334070
000000007079856155,334073
000000007079856085,334077
000000007079856128,334078
000000007079856080,334079
000000007079855913,334080
000000007079855914,334081
000000007079856084,334082
000000007079855915,334087
000000007079855390,334088
000000007079855388,334089
000000007079855381,334090
000000007079856260,334093
000000007079855916,334095
000000002674831341,334341
000000007079856267,335344
000000007079855832,335347
000000007079856268,335349
000000007079856299,335350
000000007079856254,335846
000000007079856240,335888
000000007079855432,336056
000000007079856029,336085
000000007079856102,336087
000000007079856051,336304
000000007079855952,336305
000000007079855917,337474
000000007079855918,337475
000000007079855919,337476
000000007079855920,337477
000000007079856285,339004
000000002674841719,341719
000000002674841720,341720
000000002674841721,341721
000000002674841841,341841
000000002674841842,341842
000000002674841843,341843
000000002674841844,341844
000000002674841845,341845
000000002674841846,341846
000000007079855922,342060
000000007079855424,342062
000000002674842074,342074
000000007079855202,342076
000000007079855205,342077
000000007079855200,342078
000000007079856045,343349
000000007079855708,343352
000000007079855855,344684
000000007079855808,344686
000000007079855924,344687
000000007079855404,344688
000000007079855925,344689
000000007079855926,344692
000000007079855958,345690
000000007079856139,346953
000000007079855654,347247
000000007079856269,347791
000000007079856167,348803
000000007079856201,348809
000000007079856189,348811
000000007079856151,348812
000000007079855927,348855
000000007079855883,348856
000000007079855928,349311
000000007079856266,349910
000000007079856034,349911
000000007079855662,350198
000000007079856172,350371
000000007079855929,350372
000000007079855930,351516
000000007079855931,351517
000000002674851529,351529
000000007079855427,351541
000000007079855932,351542
000000007079855441,351544
000000007079856030,351618
000000007079856100,351619
000000007079855885,352597
000000007079856000,354133
000000007079856047,354134
000000007079855989,354136
000000007079855973,354137
000000007079855981,354138
000000007079856049,354139
000000007079856006,354141
000000007079855979,354145
000000007079855961,354151
000000007079856048,354168
000000007079855974,354169
000000007079855848,354706
000000007079855383,354707
000000007079855865,354728
000000007079855389,354730
000000007079855933,354731
000000007079855863,355032
000000007079855935,355035
000000007079855936,355057
000000007079855937,355060
000000007079855938,355085
000000007079855939,355086
000000007079855940,355298
000000007079855941,357852
000000007079856021,357853
000000007079855942,357854
000000007079855724,358858
000000007079855723,358859
000000007079855726,358862
000000007079855727,358864
000000007079855719,358880
000000007079855721,358881
000000007079855720,358883
000000007079855711,358902
000000007079855722,358903
000000007079855714,358909
000000007079855713,358910
000000007079855717,358918
000000007079855716,358919
000000007079855718,358920
000000007079855728,358949
000000007079855674,359125
000000007079855706,359127
000000002674863223,363223
000000002674863224,363224
000000002674863225,363225
000000002674863226,363226
000000002674863227,363227
000000002674863228,363228
000000007079856241,365055
000000007079856185,365056
000000007079856250,365057
000000007079855943,366083
000000007079856238,366987
000000007079856242,366989
000000007079856247,366991
000000007079856248,366992
000000007079856251,366993
000000007079856252,366994
000000007079855753,367700
000000007079855965,370846
000000007079855884,370847
000000007079856282,371673
000000007079855387,371768
000000007079855944,371769
000000007079855945,371770
000000007079856077,372273
000000007079856037,372274
000000007079856074,372275
000000007079856078,372276
000000007079856090,372700
000000007079856054,373608
000000007079856075,373609
000000007079855946,374163
000000007079855947,374164
000000007079855948,376180
000000007079855949,376181
000000007079855950,376184
000000007079855988,376185
000000007079856024,377798
000000007079855818,378587
000000007079855819,378588
000000007079856055,379493
000000007079856076,379494
000000007079856249,379527
000000007079856173,379544
000000007079856081,379545
000000007079856140,379546
000000007079856083,379547
000000007079856177,379548
000000007079855994,379568
000000007079855556,381459
000000007079856284,382599
000000007079856306,385853
000000007079856307,385854
000000007079856308,385855
000000007079856309,385856
000000007079856310,385857
000000007079856311,385858
000000007079856312,385859
000000007079856288,385860
000000007079856289,385861
000000009800387511,387511
000000009800387512,387512
000000009800387513,387513
000000009800387514,387514
000000009800387515,387515
000000009800387516,387516
000000009800387517,387517
000000009800387548,387548
000000007079856287,390485
000000007079856313,392137
000000007079856314,392138
000000007079824491,392528
000000007079824549,392530
000000007079856335,396970
000000007079855703,1622830
000000007079855797,1624830
000000007079855648,1626830
000000007079855793,1633830
000000007079855429,1638830
000000007079856227,1643830
000000007079855888,1644830
000000007079855690,1653830
000000007079855811,1660830
000000007079856124,1664830
000000007079855194,1666830
000000007079855792,1670830
000000007079855798,1671830
000000007079855426,1672830
000000007079856222,1674830
000000007079855752,1676830
000000007079855423,1678830
000000007079856231,1684830
000000007079856168,1686830
000000007079856027,1688830
000000007079856091,1690830
000000007079856061,1692830
000000007079855437,1696830
000000007079855816,1904830
000000007079855652,1913830
000000007079855622,7762830
000000007079855815,7769830
000000007079856280,7774830
000000007079855817,7776830
000000007079855623,7778830
000000007079855814,7881830
000000007079856281,7882830
000000007079856195,51103830
000000007079855416,51104830
000000007079855445,51106830
000000007079856025,51107830
000000007079855447,51110830
000000007079855272,55272830
000000007079855616,55274830
000000007079855609,55275830
000000007079855602,55276830
000000007079856158,55289830
000000007079855787,7079855272
000000007079855617,7079855274
000000007079855610,7079855275
000000007079855605,7079855276
000000007079855289,7079855289
000000007079855290,7079855290
000000007079855739,1102A5
000000007079856283,1664830V
000000002674880004,200041H
000000002674880006,200061H
000000002674880014,200141H
000000002674880016,200161H
000000002674880024,200241H
000000002674880026,200261H
000000007079856039,203442D
000000007079856146,203443D
000000007079855665,203444D
000000007079856004,203445D
000000007079856216,203447D
000000007079855805,203461D
000000007079855769,203462D
000000007079855862,203463D
000000007079855773,203464D
000000007079856220,203465D
000000007079856003,203467D
000000007079855779,203468D
000000007079856190,203491D
000000007079856152,203492D
000000007079856001,203495D
000000007079856079,203496D
000000007079856164,203602D
000000002674882171,242171H
000000002674882172,242172H
000000002674882174,242174H
000000002674882175,242175H
000000002674882180,242180H
000000002674882183,242183H
000000002674882186,242186H
000000007079855675,249092T
000000007079855688,249095T
000000007079855663,249111T
000000007079855646,249114T
000000007079856169,249115T
000000007079855709,249124T
000000007079855749,249127T
000000007079855212,249860T
000000002674885004,250041H
000000002674885014,250141H
000000002674885024,250241H
000000007079856279,257402V
000000007079855821,257611V
000000007079855825,257613V
000000007079855822,257616V
000000007079856315,27001B522
000000007079856316,27004B522
000000007079856317,27007B522
000000007079856318,27009B522
000000007079856319,27018B522
000000007079856292,27021B522
000000007079856320,27024B522
000000007079856334,27025B522
000000007079856338,27026B522
000000007079856321,27028B522
000000007079856290,27029B522
000000007079856291,27032B522
000000007079856293,27033B522
000000007079856322,27034B522
000000007079856323,27035B522
000000007079856324,27039B522
000000007079856325,27047B522
000000007079856339,27048B522
000000007079856326,27049B522
000000007079856327,27061B522
000000007079856328,27067B522
000000007079856329,27088B522
000000007079856330,27091B522
000000007079856331,27095B522
000000007079856332,27097B522
000000007079856333,270S25B522
000000007079855834,302590T
000000007079855847,331171T
000000007079855403,331172T
000000007079855443,331178T
000000007079855446,331179T
000000007079855418,331180T
000000007079855421,331183T
000000007079855422,331184T
000000007079856099,331185T
000000007079855810,331186T
000000007079855440,331187T
000000007079855412,331188T
000000007079831092,391307M
000000007079818098,391310M
000000007079856236,47048RP522
000000002674880924,9241H
000000002674880934,9341H
000000002674880944,9441H
000000007079855618,J2850830
000000007079858518,J2851812
000000007079855603,J2851830
000000007079858538,J2853812
000000007079855611,J2853830
000000007079855653,N1913830
000000007079855406,N1926830
000000007079855407,N1938830
000000007079855678,N1945830
000000007079855405,N1953830
000000007079856221,N1966830
000000007079856191,N1974830
000000007079855391,N1976830
000000007079855780,N1977830
000000007079856040,N1986830
000000007079856092,N1990830
000000007079855766,N1992830
000000007079856154,N1993830
000000007079856175,N2223830
000000007079855978,N2226830
000000007079855450,N2254830
000000007079855448,N2264830
000000007079855620,NJ2850830
000000007079855606,NJ2851830
000000007079855400,NJ2852830
000000007079855613,NJ2853830
000000007079855820,V2402830V
000000007079855823,V2403830V
000000007079855824,V2404830V
000000007079856243,V2411830
000000007079856165,V2414830
000000002674870208,Y100041
000000002674870256,Y100061
000000002674870008,Y100081
000000002674870212,Y110041
000000002674871006,Y110061
000000002674871008,Y110081
000000002674872003,Y200031
000000002674872004,Y200041
000000002674872006,Y200061
000000002674872013,Y200131
000000002674872014,Y200141
000000002674872016,Y200161
000000002674872023,Y200231
000000002674872024,Y200241
000000002674872026,Y200261
000000002674872302,Y230021
000000002674872303,Y230031
000000002674872312,Y230121
000000002674872313,Y230131
000000002674872322,Y230221
000000002674872323,Y230231
000000002674847502,Y247502
000000002674847503,Y247503
000000002674847504,Y247506
000000002674875003,Y250031
000000002674875004,Y250041
000000002674875006,Y250061
000000002674875013,Y250131
000000002674875014,Y250141
000000002674875016,Y250161
000000002674875023,Y250231
000000002674875024,Y250241
000000002674875026,Y250261
000000002674870663,Y6631
000000002674870216,Y6641
000000002674870204,Y90041
000000002674870236,Y90061
000000002674879008,Y90081
000000002674870924,Y9241
000000002674870934,Y9341
000000002674870944,Y9441
000000007079858506,Z01018
000000002674810335,356719
000000002674880606,6061H
000000002674880906,9061H
000000002674880916,9161H
000000007079818098,391310
000000007079824578,392531
000000007079831092,391307
000000007079855435,248948
000000007079855626,249310
000000007079855627,257769
000000007079855631,248903
000000007079855633,N7778830
000000007079855642,348804
000000007079855651,348762
000000007079855660,353215
000000007079855673,348807
000000007079855686,348806
000000007079855705,348801
000000007079855725,358860
000000007079855751,348798
000000007079855772,208260
000000007079855782,248945
000000007079855790,248951
000000007079855833,342475
000000007079855890,248938
000000007079855963,354159
000000007079855992,354140
000000007079855999,354149
000000007079856060,348808
000000007079856089,348800
000000007079856094,348805
000000007079856101,354131
000000007079856111,339821
000000007079856295,V2196838
000000007079878708,7870830
000000007079878718,7871830
000000007079878728,7872830
