MATNR,WERKS,EKGRP
97000JQ900,1025,U76
97000HL006,1025,U76
97000JQ110,1025,U76
97000JQ111,1025,U76
9700Z43312,1021,U73
97000JQ066,1025,U76
2674810330,1028,U74
2674810330,1021,U74
2674810331,1021,U74
2674810331,1028,U74
2674810332,1021,U74
2674810332,1028,U74
2674810333,1021,U74
2674810333,1028,U74
2674810334,1028,U74
2674810334,1021,U74
2674810335,1021,U74
2674810335,1028,U74
2674810342,1028,U30
2674810342,1021,U74
2674810436,1028,U74
5113600005,1028,U30
5113600006,1028,U30
5113600016,1028,U30
5113600522,1028,U30
5113602102,1028,U30
5113604102,1028,U30
5113604102,1028,U30
5113606102,1028,U30
5113606102,1028,U30
7079800056,1021,U30
7079800056,1028,U30
7079800095,1021,U30
7079800095,1021,U30
7079800107,1028,U30
7079800107,1021,U30
7079800107,1021,U30
7079800107,1028,U30
7079800107,1028,U30
7079800120,1028,U74
7079800120,1021,U74
7079800124,1028,U30
7079800124,1021,U74
7079800127,1021,U74
7079800127,1028,U30
7079800127,1028,U30
7079800129,1028,U30
7079800129,1021,U74
7079800131,1028,U30
7079800131,1021,U74
7079800131,1028,U30
7079800136,1028,U30
7079800136,1021,U30
7079800136,1028,U30
7079800136,1021,U30
7079800136,1021,U30
7079800137,1021,U30
7079800137,1028,U30
7079800137,1028,U30
7079800137,1028,U30
7079800137,1021,U30
7079800137,1021,U30
7079800139,1021,U30
7079800139,1028,U30
7079800141,1021,U30
7079800141,1028,U30
7079800141,1028,U30
7079800141,1021,U30
7079800142,1021,U30
7079800142,1028,U30
7079800142,1021,U30
7079800142,1028,U30
7079800142,1028,U30
7079800142,1021,U30
7079800144,1021,U30
7079800144,1028,U30
7079800144,1028,U30
7079800144,1021,U30
7079800144,1021,U30
7079800144,1028,U30
7079800155,1021,U74
7079800155,1028,U74
7079800158,1021,U74
7079800158,1028,U30
7079800160,1028,U30
7079800160,1021,U74
7079800163,1021,U74
7079800163,1028,U74
7079800173,1021,U74
7079800173,1028,U30
7079800178,1028,U30
7079800178,1021,U74
7079800179,1028,U30
7079800179,1021,U74
7079800179,1028,U30
7079800180,1028,U30
7079800180,1021,U74
7079800233,1021,U30
7079800233,1021,U30
7079800234,1021,U30
7079800234,1021,U30
7079800237,1021,U30
7079800237,1021,U30
7079800261,1028,U30
7079800261,1021,U30
7079800261,1028,U30
7079800261,1021,U30
7079800261,1028,U30
7079800271,1021,U30
7079800271,1028,U30
7079800272,1021,U30
7079800272,1028,U30
7079800272,1021,U30
7079800272,1028,U30
7079800273,1028,U30
7079800273,1021,U30
7079800273,1028,U30
7079800273,1021,U30
7079800442,1021,U30
7079800442,1021,U30
7079800442,1028,U30
7079800442,1021,U30
7079800443,1028,U30
7079800443,1021,U30
7079800443,1028,U30
7079800443,1021,U30
7079800443,1028,U30
7079800480,1028,U30
7079800480,1028,U30
7079800480,1021,U74
7079800481,1028,U30
7079800481,1021,U74
7079800482,1028,U30
7079800482,1021,U74
7079800483,1028,U30
7079800483,1021,U74
7079800484,1021,U30
7079800491,1028,U30
7079800491,1021,U74
7079800491,1021,U74
7079800492,1021,U74
7079800492,1028,U30
7079800492,1021,U74
7079800496,1028,U30
7079800496,1021,U74
7079800496,1021,U74
7079800497,1028,U30
7079800497,1021,U74
7079800497,1021,U74
7079800498,1028,U30
7079800498,1021,U74
7079800550,1028,U30
7079800550,1028,U30
7079800552,1028,U30
7079800587,1021,U30
7079800596,1028,U30
7079800750,1021,U30
7079800751,1021,U30
7079800752,1021,U30
7079800753,1021,U30
7079800754,1021,U74
7079800754,1028,U74
7079800755,1021,U74
7079800755,1028,U74
7079800756,1028,U74
7079800756,1021,U74
7079800756,1028,U74
7079800760,1021,U30
7079800761,1028,U30
7079800761,1028,U30
7079800762,1021,U30
7079800763,1028,U30
7079800763,1028,U30
7079800764,1021,U30
7079800765,1028,U30
7079800770,1021,U30
7079800771,1028,U30
7079800777,1021,U30
7079800944,1021,U30
7079800944,1021,U30
7079800944,1021,U30
7079800945,1021,U30
7079800945,1021,U30
7079800950,1028,U74
7079800950,1021,U74
7079800952,1028,U74
7079800952,1021,U74
7079800952,1021,U74
7079800954,1028,U74
7079800954,1021,U74
7079800956,1021,U74
7079800956,1028,U74
7079800958,1021,U74
7079800958,1028,U74
7079801201,1021,U30
7079801201,1028,U74
7079801801,1021,U30
7079801801,1021,U30
7079801835,1021,U30
7079801835,1021,U30
7079802131,1028,U74
7079802131,1021,U74
7079802132,1021,U74
7079802132,1028,U74
7079802590,1028,U74
7079804054,1021,U30
7079804054,1021,U30
7079804090,1028,U30
7079804090,1021,U74
7079804091,1021,U74
7079804093,1028,U30
7079804093,1021,U74
7079804094,1028,U30
7079804094,1021,U74
7079804095,1028,U30
7079804095,1021,U74
7079804096,1021,U74
7079804096,1028,U30
7079804100,1028,U30
7079804100,1021,U74
7079804101,1028,U30
7079804101,1021,U74
7079804102,1028,U30
7079804102,1021,U74
7079804103,1028,U30
7079804103,1021,U74
7079805000,1028,U30
7079805001,1028,U30
7079806002,1030,U74
7079806002,1021,U30
7079806002,1021,U30
7079806004,1030,U74
7079806004,1021,U74
7079806006,1030,U74
7079806006,1021,U74
7079806008,1030,U74
7079806008,1021,U74
7079806010,1030,U74
7079806010,1021,U30
7079806012,1030,U74
7079806012,1021,U74
7079806014,1030,U74
7079806014,1021,U74
7079806016,1030,U74
7079806016,1021,U74
7079806018,1030,U74
7079806020,1030,U74
7079806022,1030,U74
7079807026,1028,U30
7079807027,1028,U30
7079807102,1021,U30
7079807103,1021,U30
7079807106,1021,U30
7079807107,1021,U30
7079808010,1028,U30
7079808010,1021,U74
7079808011,1021,U74
7079808011,1028,U74
7079808012,1028,U74
7079808012,1021,U74
7079808013,1021,U74
7079808013,1028,U74
7079808630,1021,U30
7079808631,1021,U30
7079808633,1021,U30
7079808634,1021,U30
7079808640,1028,U30
7079808641,1028,U30
7079808641,1028,U30
7079808641,1028,U30
7079808641,1028,U30
7079808642,1028,U30
7079808642,1028,U30
7079808643,1028,U30
7079808646,1028,U30
7079808646,1028,U30
7079808647,1028,U30
7079808647,1028,U30
7079808648,1028,U30
7079808648,1028,U30
7079808649,1028,U30
7079808650,1028,U30
7079808650,1021,U74
7079808651,1028,U30
7079808651,1021,U74
7079808652,1028,U30
7079808652,1021,U74
7079808653,1021,U74
7079808653,1028,U30
7079808654,1028,U30
7079808654,1021,U74
7079808656,1028,U30
7079808656,1021,U74
7079808658,1021,U74
7079808658,1028,U30
7079808658,1028,U30
7079808660,1021,U74
7079808660,1028,U30
7079808660,1028,U30
7079808667,1021,U74
7079808667,1028,U74
7079808668,1028,U74
7079808668,1021,U74
7079808668,1030,U30
7079808676,1028,U30
7079808724,1028,U30
7079808725,1028,U30
7079808726,1021,U30
7079808727,1021,U30
7079808728,1028,U30
7079808729,1028,U30
7079808730,1028,U30
7079808732,1028,U30
7079808734,1021,U30
7079808735,1021,U30
7079808784,1028,U30
7079808784,1021,U74
7079808787,1021,U74
7079808787,1028,U30
7079808788,1028,U30
7079808788,1021,U74
7079808789,1021,U74
7079808789,1028,U30
7079808789,1028,U30
7079808790,1021,U74
7079808790,1028,U74
7079808791,1028,U74
7079808791,1021,U74
7079808792,1021,U30
7079808793,1021,U74
7079808793,1028,U30
7079808794,1021,U30
7079808794,1021,U30
7079808795,1021,U30
7079808795,1021,U30
7079808795,1021,U30
7079808796,1021,U30
7079808796,1021,U30
7079809125,1028,U30
7079809125,1021,U74
7079809161,1028,U30
7079809161,1021,U74
7079809163,1021,U74
7079809163,1028,U30
7079809165,1021,U74
7079809165,1028,U30
7079810060,1029,U31
7079810060,1029,U31
7079810070,1029,U31
7079810070,1029,U31
7079810070,1029,U31
7079810080,1029,U31
7079810080,1029,U31
7079810080,1029,U31
7079810081,1028,U30
7079810082,1028,U30
7079810082,1028,U30
7079810096,1021,U30
7079810200,1021,U30
7079810204,1021,U30
7079810304,1028,U30
7079810308,1028,U30
7079810308,1028,U30
7079810310,1028,U30
7079810312,1028,U30
7079810312,1028,U30
7079810312,1028,U30
7079810314,1028,U30
7079810318,1028,U30
7079810319,1028,U30
7079810414,1028,U30
7079810416,1028,U30
7079810416,1028,U30
7079810416,1028,U30
7079810466,1028,U30
7079810468,1028,U30
7079810502,1028,U30
7079810530,1021,U74
7079810530,1028,U30
7079810531,1021,U74
7079810531,1028,U30
7079810532,1021,U74
7079810533,1021,U74
7079810534,1021,U74
7079810535,1021,U74
7079810536,1021,U74
7079810536,1028,U30
7079810537,1021,U74
7079811212,1021,U30
7079811217,1021,U30
7079811219,1021,U30
7079811220,1021,U30
7079811221,1021,U30
7079811222,1021,U30
7079811456,1021,U30
7079811580,1028,U74
7079811580,1021,U74
7079811843,1021,U30
7079812276,1021,U30
7079812280,1021,U30
7079812286,1028,U30
7079812288,1028,U30
7079812290,1028,U30
7079812304,1028,U74
7079812304,1021,U74
7079812305,1028,U74
7079812305,1021,U74
7079812319,1021,U30
7079812321,1021,U30
7079812345,1028,U74
7079812345,1021,U74
7079812348,1030,U30
7079814084,1028,U30
7079814086,1028,U30
7079814090,1028,U30
7079816200,1021,U30
7079816201,1021,U30
7079816520,1028,U55
7079816520,1021,U55
7079816521,1021,U55
7079816521,1028,U55
7079816550,1028,U55
7079816550,1021,U55
7079816551,1021,U55
7079816551,1028,U55
7079816604,1029,C02
7079816605,1029,C02
7079816606,1029,C02
7079817100,1029,U31
7079817100,1029,U31
7079817100,1029,U31
7079817150,1029,U31
7079817150,1029,U31
7079817150,1029,U31
7079817165,1021,U74
7079817271,1021,U74
7079817271,1021,U74
7079817279,1021,U74
7079817290,1028,U55
7079817290,1021,U55
7079817291,1021,U55
7079817291,1028,U55
7079817293,1021,U74
7079817293,1028,U65
7079817293,1021,U74
7079817293,1028,U55
7079817298,1028,U74
7079817298,1021,U74
7079817300,1028,U74
7079817300,1021,U74
7079817306,1021,U74
7079817307,1021,U74
7079818008,1021,U30
7079818020,1021,U74
7079818020,1028,U30
7079818026,1021,U30
7079818026,1028,U30
7079818026,1021,U30
7079818026,1028,U30
7079818026,1021,U30
7079818026,1028,U30
7079818040,1021,U30
7079818165,1028,U30
7079818165,1028,U30
7079818182,1028,U74
7079818182,1021,U30
7079818182,1021,U30
7079818188,1028,U74
7079818188,1021,U30
7079818188,1021,U30
7079818200,1021,U30
7079818202,1021,U30
7079818203,1021,U30
7079818207,1021,U30
7079818208,1021,U30
7079818211,1030,U30
7079818212,1021,U30
7079818213,1021,U30
7079818214,1021,U30
7079818215,1021,U30
7079818216,1021,U30
7079818217,1021,U30
7079818219,1021,U30
7079818220,1021,U30
7079818221,1021,U30
7079818260,1021,U30
7079818268,1021,U74
7079818268,1028,U74
7079818275,1030,U30
7079818280,1030,U30
7079818338,1028,U30
7079818338,1028,U30
7079818339,1028,U30
7079818351,1021,U74
7079818351,1028,U30
7079818351,1028,U30
7079818351,1028,U30
7079818387,1021,U74
7079818387,1028,U74
7079818387,1021,U74
7079818388,1028,U74
7079818388,1021,U74
7079818388,1030,U30
7079818395,1028,U30
7079818395,1021,U74
7079818395,1028,U30
7079818395,1028,U30
7079818396,1021,U74
7079818396,1028,U74
7079818397,1021,U74
7079818397,1028,U74
7079818399,1021,U74
7079818399,1028,U30
7079818416,1021,U30
7079818420,1021,U30
7079818450,1021,U30
7079818451,1021,U30
7079818519,1021,U30
7079818539,1021,U30
7079818546,1021,U30
7079818570,1028,U30
7079818570,1021,U74
7079818680,1028,U30
7079818680,1028,U30
7079818681,1028,U30
7079818682,1028,U30
7079818683,1021,U30
7079818684,1021,U30
7079818685,1021,U30
7079818686,1028,U30
7079818686,1028,U30
7079818687,1028,U30
7079818688,1028,U30
7079818688,1028,U30
7079818700,1030,U30
7079818700,1021,U30
7079818701,1021,U30
7079818702,1021,U30
7079818706,1021,U30
7079818707,1021,U30
7079818708,1021,U30
7079818709,1021,U30
7079818710,1021,U30
7079818711,1021,U30
7079818712,1021,U30
7079818713,1021,U30
7079818714,1021,U30
7079818715,1021,U30
7079818716,1028,U30
7079818717,1021,U30
7079818718,1021,U30
7079818740,1021,U30
7079818741,1021,U30
7079818742,1021,U30
7079818745,1021,U30
7079818750,1030,U30
7079818784,1021,U30
7079818787,1021,U30
7079818806,1028,U30
7079818806,1021,U74
7079818810,1021,U74
7079818810,1028,U74
7079818814,1021,U74
7079818814,1028,U74
7079818816,1028,U30
7079818816,1021,U74
7079818816,1028,U30
7079818836,1028,U30
7079818836,1021,U74
7079818854,1028,U30
7079818854,1021,U74
7079818854,1028,U30
7079818854,1028,U30
7079818858,1028,U30
7079818858,1021,U30
7079818860,1021,U30
7079818890,1021,U30
7079818898,1021,U30
7079818901,1021,U30
7079818902,1021,U30
7079818914,1021,U30
7079818915,1021,U30
7079818916,1021,U30
7079818918,1021,U30
7079818919,1021,U30
7079821000,1028,U30
7079821000,1021,U30
7079821000,1021,U30
7079821000,1028,U30
7079821005,1028,U30
7079821005,1021,U74
7079821245,1021,U74
7079821245,1028,U30
7079821245,1028,U30
7079821247,1021,U74
7079821247,1028,U30
7079821250,1028,U30
7079821250,1021,U74
7079821251,1021,U74
7079821251,1028,U30
7079821255,1021,U74
7079821255,1028,U30
7079821255,1028,U30
7079821262,1028,U30
7079821262,1021,U74
7079821266,1021,U74
7079821266,1028,U30
7079821268,1028,U30
7079821268,1021,U74
7079821270,1028,U30
7079821270,1021,U74
7079821272,1028,U30
7079821272,1021,U74
7079821272,1028,U30
7079821274,1028,U30
7079821274,1021,U74
7079821276,1028,U30
7079821276,1021,U74
7079821400,1028,U30
7079821400,1021,U30
7079821400,1028,U30
7079821400,1021,U30
7079821400,1021,U30
7079821404,1021,U30
7079821404,1028,U30
7079821404,1028,U30
7079821404,1021,U30
7079821404,1021,U30
7079821408,1028,U30
7079821408,1021,U30
7079821408,1021,U30
7079821408,1028,U30
7079821408,1021,U30
7079821412,1028,U30
7079821412,1021,U30
7079821412,1021,U30
7079821412,1028,U30
7079821434,1021,U30
7079821434,1028,U30
7079821434,1021,U30
7079821434,1028,U30
7079821500,1021,U30
7079821500,1028,U30
7079821500,1021,U30
7079821500,1028,U30
7079821502,1021,U30
7079821502,1028,U30
7079821502,1021,U30
7079821502,1028,U30
7079821506,1021,U30
7079821506,1028,U30
7079821506,1021,U30
7079821506,1028,U30
7079821506,1021,U30
7079821510,1021,U74
7079821510,1028,U74
7079821510,1028,U65
7079821510,1028,U67
7079821510,1021,U74
7079823030,1029,U31
7079823030,1029,U31
7079823030,1029,U31
7079823050,1029,U31
7079823050,1029,U31
7079824578,1021,U74
7079825053,1021,U30
7079825053,1028,U30
7079825053,1028,U30
7079825053,1021,U30
7079825054,1021,U30
7079825054,1028,U30
7079825054,1028,U30
7079825054,1021,U30
7079825054,1028,U30
7079825054,1021,U30
7079825082,1021,U30
7079825082,1028,U30
7079825082,1028,U30
7079825082,1021,U30
7079825082,1028,U30
7079825084,1028,U30
7079825084,1028,U30
7079825117,1021,U30
7079825117,1028,U30
7079825117,1021,U30
7079825117,1028,U30
7079825117,1028,U30
7079825117,1028,U30
7079825117,1021,U30
7079825190,1028,U30
7079825190,1028,U30
7079825190,1021,U30
7079825190,1021,U30
7079825192,1028,U30
7079825192,1021,U30
7079825192,1028,U30
7079825192,1021,U30
7079825312,1021,U30
7079825312,1028,U30
7079825312,1028,U30
7079825312,1021,U30
7079825332,1028,U30
7079825332,1021,U30
7079825332,1028,U30
7079825332,1021,U30
7079825332,1028,U30
7079825336,1021,U30
7079825336,1028,U30
7079825336,1028,U30
7079825336,1021,U30
7079825336,1028,U30
7079826006,1028,U67
7079826007,1028,U30
7079826007,1021,U30
7079827042,1028,U30
7079827042,1021,U30
7079827042,1021,U30
7079827042,1028,U30
7079827042,1021,U30
7079827042,1028,U30
7079827065,1028,U30
7079827065,1021,U74
7079827501,1028,U30
7079827502,1028,U30
7079827502,1028,U30
7079827509,1028,U30
7079827510,1028,U30
7079827511,1021,U30
7079827512,1021,U30
7079827515,1028,U30
7079827518,1028,U30
7079827519,1028,U30
7079827523,1028,U30
7079827523,1021,U30
7079827523,1021,U30
7079827523,1028,U30
7079827523,1021,U30
7079827523,1029,U31
7079827523,1028,U30
7079827523,1029,U31
7079827523,1029,U31
7079827524,1028,U30
7079827529,1028,U30
7079828000,1021,U74
7079828000,1028,U30
7079828050,1021,U74
7079828050,1028,U30
7079828100,1028,U30
7079828100,1021,U74
7079830070,1029,U31
7079830070,1029,U31
7079830120,1029,U31
7079830120,1029,U31
7079835090,1028,U74
7079835090,1021,U74
7079837584,1021,U74
7079837584,1028,U30
7079837584,1028,U30
7079844605,1028,U30
7079844606,1028,U30
7079844606,1028,U30
7079844608,1028,U30
7079844608,1028,U30
7079844609,1028,U30
7079844609,1028,U30
7079844610,1021,U74
7079844610,1028,U74
7079850005,1028,U74
7079850005,1021,U74
7079850005,1021,U74
7079850005,1028,U65
7079850005,1028,U74
7079850006,1021,U30
7079850006,1021,U30
7079850006,1028,U74
7079850006,1021,U30
7079850010,1028,U74
7079850010,1021,U74
7079850010,1021,U74
7079850015,1028,U74
7079850015,1021,U74
7079850015,1021,U74
7079850016,1021,U30
7079850016,1028,U74
7079850016,1021,U30
7079850020,1028,U74
7079850020,1021,U74
7079850020,1021,U74
7079850025,1028,U74
7079850025,1021,U74
7079850035,1021,U74
7079850035,1028,U74
7079858505,1028,U30
7079858552,1028,U30
7079858552,1028,U30
7079858555,1021,U30
7079860010,1029,U74
7079860110,1029,U31
7079860110,1029,U31
7079860120,1029,U31
7079860120,1029,U31
7079860120,1029,U31
7079860480,1028,U30
7079860480,1021,U30
7079860480,1028,U30
7079860480,1021,U30
7079860480,1028,U30
7079860481,1028,U30
7079860481,1021,U30
7079860481,1021,U30
7079860481,1028,U30
7079860481,1028,U30
7079860481,1028,U30
7079860500,1021,U74
7079860500,1028,U74
7079860584,1029,U31
7079860584,1029,U31
7079863050,1028,U30
7079863050,1028,U30
7079868778,1030,U30
7079868778,1030,U30
7079868778,1021,U30
7079868778,1021,U30
7079870005,1029,U31
7079870005,1021,U74
7079870005,1029,U31
7079870010,1029,U31
7079870010,1021,U74
7079870010,1029,U31
7079870025,1021,U74
7079870025,1029,U31
7079870025,1029,U31
7079870081,1029,U31
7079870081,1029,U31
7079870081,1029,U31
7079870082,1029,U31
7079870082,1029,U31
7079870082,1029,U31
7079870484,1029,U31
7079870500,1029,U31
7079870500,1029,U31
7079870500,1021,U74
7079870580,1029,U74
7079870596,1029,U31
7079870596,1029,U31
7079870596,1029,U31
7079870618,1029,U31
7079870618,1029,U31
7079870765,1029,U31
7079870765,1029,U31
7079870765,1029,U31
7079870980,1029,U31
7079870980,1029,U31
7079871015,1029,U31
7079871015,1029,U31
7079871016,1029,U31
7079871016,1029,U31
7079871018,1029,U31
7079871018,1029,U31
7079871062,1029,U31
7079871062,1021,U74
7079871064,1029,U74
7079871064,1029,C02
7079871066,1021,U74
7079871066,1029,U31
7079871066,1021,U74
7079871090,1029,U31
7079871090,1029,U31
7079871112,1029,U31
7079871112,1029,U31
7079871151,1029,U31
7079871151,1029,U31
7079871151,1029,U31
7079871162,1029,U31
7079871162,1029,U31
7079871162,1029,U31
7079871164,1029,U31
7079871164,1029,U31
7079871164,1029,U31
7079871354,1029,U31
7079871354,1029,U31
7079871587,1029,U31
7079872337,1029,U31
7079872337,1029,U31
7079872345,1029,U31
7079872345,1029,U31
7079872345,1021,U74
7079872345,1029,U31
7079872345,1028,U74
7079872345,1029,U31
7079872347,1029,U31
7079872347,1029,U31
7079872347,1029,U31
7079872810,1021,U74
7079872810,1029,U31
7079872810,1029,U31
7079873350,1029,U31
7079873350,1029,U31
7079873352,1029,U31
7079873354,1029,U74
7079873356,1029,U31
7079873356,1029,U31
7079873358,1029,U74
7079873358,1029,U74
7079873374,1029,U74
7079873376,1029,U74
7079873380,1029,U74
7079873382,1029,U31
7079873382,1029,U31
7079873382,1021,U30
7079873382,1029,U31
7079873382,1029,U31
7079873382,1021,U30
7079873383,1029,U31
7079873383,1029,U31
7079873383,1021,U74
7079873383,1029,U31
7079873383,1029,U31
7079873385,1021,U74
7079873385,1029,U31
7079873387,1029,U31
7079873387,1029,U31
7079873387,1021,U74
7079873387,1029,U31
7079873387,1029,U31
7079873389,1029,U74
7079873389,1029,U74
7079873390,1029,U74
7079873391,1029,U31
7079873391,1029,U31
7079873392,1029,U31
7079873392,1029,U31
7079873393,1029,U74
7079873444,1029,U74
7079873446,1029,U74
7079873448,1029,U74
7079873448,1029,U74
7079873450,1029,U74
7079873461,1029,U74
7079873473,1029,U74
7079873485,1029,U74
7079873485,1029,U74
7079873497,1029,U74
7079873630,1029,U31
7079873630,1029,U31
7079873630,1029,U31
7079873631,1029,U31
7079873631,1029,U31
7079873631,1029,U31
7079874040,1029,U31
7079874040,1021,U74
7079874058,1029,U31
7079874058,1029,U31
7079874084,1029,U31
7079874084,1029,U31
7079874084,1029,U31
7079874084,1029,U31
7079874086,1029,U31
7079874086,1029,U31
7079874096,1029,U31
7079874096,1029,U31
7079874102,1029,U31
7079874102,1029,U31
7079874102,1029,U31
7079874108,1029,U31
7079874108,1029,U31
7079874110,1029,U31
7079874110,1029,U31
7079874110,1029,U31
7079874111,1029,U31
7079874120,1029,U31
7079874120,1029,U31
7079874150,1029,U31
7079874150,1029,U31
7079874151,1029,U31
7079874152,1029,U31
7079874152,1029,U31
7079874153,1029,U31
7079874154,1029,U31
7079874155,1029,U31
7079874156,1029,U31
7079874156,1029,U31
7079874157,1029,U31
7079874157,1029,U31
7079874158,1029,U31
7079874158,1029,U31
7079874159,1029,U31
7079874160,1029,U31
7079874160,1029,U31
7079874160,1029,U31
7079874250,1029,U31
7079874250,1029,U31
7079874250,1029,U31
7079874252,1029,U31
7079874252,1029,U31
7079874252,1029,U31
7079874270,1029,U31
7079874270,1029,U31
7079874270,1029,U31
7079874275,1029,U31
7079874275,1029,U31
7079874275,1029,U31
7079874283,1029,U31
7079874283,1029,U31
7079874283,1029,U31
7079874284,1029,U31
7079874284,1029,U31
7079874284,1029,U31
7079874285,1029,U31
7079874285,1029,U31
7079874285,1029,U31
7079874287,1029,U31
7079874287,1029,U31
7079874287,1029,U31
7079874288,1029,U31
7079874288,1029,U31
7079874288,1029,U31
7079874289,1029,U31
7079874289,1029,U31
7079874289,1029,U31
7079874290,1029,U31
7079874290,1029,U31
7079874291,1029,U31
7079874291,1029,U31
7079874291,1029,U31
7079874293,1029,U31
7079874293,1029,U31
7079874293,1029,U31
7079874294,1029,U31
7079874294,1029,U31
7079874294,1029,U31
7079874320,1029,U74
7079874321,1029,U31
7079874321,1029,U31
7079874322,1029,U31
7079874322,1029,U31
7079874323,1029,U31
7079874323,1029,U31
7079874323,1029,U31
7079874323,1029,U31
7079874324,1029,U31
7079874324,1021,U30
7079874324,1029,U31
7079874324,1029,U31
7079874324,1021,U30
7079874325,1029,U74
7079874325,1021,U74
7079874326,1029,U74
7079874327,1029,U74
7079874328,1029,U74
7079874329,1029,U31
7079874329,1021,U74
7079874329,1021,U74
7079874329,1029,U31
7079874330,1029,U74
7079874330,1029,U74
7079874331,1029,U74
7079874332,1029,U31
7079874332,1029,U31
7079874332,1029,U31
7079874340,1029,U31
7079874341,1029,U31
7079874341,1029,U31
7079874342,1029,U31
7079874342,1021,U30
7079874343,1029,U31
7079874343,1029,U31
7079874343,1029,U31
7079874344,1029,U31
7079874344,1029,U31
7079874810,1029,U74
7079874814,1029,U74
7079874814,1029,U74
7079874816,1029,U74
7079874816,1029,U74
7079874820,1029,U31
7079874820,1029,U31
7079874821,1029,U31
7079874821,1021,U30
7079874821,1029,U31
7079874822,1029,U31
7079874822,1021,U30
7079874823,1029,U31
7079874823,1021,U30
7079874823,1029,U31
7079874824,1029,U31
7079874825,1029,U74
7079874826,1029,U74
7079874829,1029,U74
7079874830,1029,U74
7079874832,1029,U74
7079874833,1029,U74
7079874834,1029,U31
7079874835,1029,U31
7079874835,1029,U31
7079874836,1029,U74
7079874839,1029,U31
7079874840,1029,U74
7079874841,1029,U74
7079874842,1029,U31
7079874842,1029,U31
7079874843,1029,U31
7079874844,1029,U31
7079874844,1029,U31
7079874845,1029,U31
7079874846,1029,U74
7079874849,1029,U31
7079874849,1029,U31
7079874849,1029,U31
7079874851,1029,U31
7079874851,1029,U31
7079874851,1029,U31
7079874852,1029,U31
7079874852,1029,U31
7079874852,1029,U31
7079874853,1029,U31
7079874853,1029,U31
7079874853,1029,U31
7079874855,1029,U31
7079874855,1029,U31
7079874856,1029,U31
7079874856,1029,U31
7079874861,1029,U74
7079874865,1029,U31
7079874866,1029,U31
7079874866,1029,U31
7079874868,1029,U31
7079874868,1029,U31
7079874871,1029,U31
7079874875,1029,U74
7079874877,1029,U31
7079874880,1029,U31
7079874880,1029,U31
7079874882,1029,U31
7079874882,1029,U31
7079874883,1029,U31
7079874883,1029,U31
7079874887,1029,U31
7079874887,1029,U31
7079874888,1029,U31
7079874888,1029,U31
7079874889,1029,U31
7079874889,1029,U31
7079874889,1029,U31
7079874890,1029,U31
7079874890,1021,U30
7079874902,1021,U74
7079874902,1029,U31
7079874902,1029,U31
7079874904,1021,U74
7079874904,1029,U31
7079874906,1021,U74
7079874906,1029,U31
7079874981,1029,U31
7079875400,1029,U74
7079875400,1029,U74
7079875401,1029,U74
7079875401,1029,U74
7079877004,1021,U30
7079877005,1021,U30
7079877006,1021,U30
7079877065,1029,U31
7079877065,1021,U74
7079877065,1029,U31
7079877512,1029,U31
7079878000,1029,U74
7079878000,1029,U65
7079878100,1021,U30
7079878110,1021,U30
7079878200,1029,U31
7079878200,1029,U31
7079878207,1029,U31
7079878351,1029,U74
7079878425,1029,U31
7079878425,1029,U31
7079878425,1029,U31
7079878425,1029,U31
7079878542,1029,U31
7079878542,1029,U31
7079878542,1029,U31
7079880100,1029,U31
7079880100,1029,U31
7079880100,1029,U31
7079880251,1029,U31
7079880251,1029,U31
7079880300,1029,U31
7079880300,1029,U31
7079880300,1029,U31
7079880800,1021,U30
7079880800,1021,U30
7079880800,1021,U30
7079880802,1028,U30
7079880802,1028,U30
7079880802,1028,U30
7079880802,1021,U74
7079880802,1021,U74
7079880812,1028,U30
7079880812,1021,U74
7079880830,1028,U30
7079880830,1021,U74
7079880832,1028,U30
7079880832,1021,U74
7079880832,1021,U74
7079880834,1021,U74
7079880834,1028,U30
7079880836,1028,U30
7079880836,1021,U74
7079880838,1021,U74
7079880838,1028,U30
7079880840,1028,U30
7079880840,1021,U74
7079880842,1028,U30
7079880842,1021,U74
7079880844,1028,U30
7079880844,1021,U74
7079880844,1028,U30
7079880850,1028,U30
7079881832,1021,U74
7079881834,1021,U74
7079889009,1021,U30
7079889009,1021,U30
7079889009,1028,U30
7079889009,1021,U30
7079889052,1021,U30
7079889052,1028,U30
7079889052,1021,U30
7079889052,1028,U30
7079889053,1021,U74
7079889054,1021,U74
7079889093,1021,U30
7079889093,1021,U30
7079889093,1028,U30
7079889093,1021,U30
7079889093,1028,U30
7079889099,1021,U30
7079889100,1021,U74
7079889101,1021,U74
7079889104,1021,U74
7079889105,1021,U74
7079889106,1021,U74
7079889107,1021,U74
7079889109,1021,U74
7079889110,1021,U74
7079889112,1021,U74
7079889113,1021,U74
7079889114,1021,U74
7079889115,1021,U74
7079889116,1021,U74
7079889118,1021,U74
7079889121,1021,U74
7079889122,1021,U74
7079889124,1021,U74
7079889125,1021,U74
7079889127,1021,U74
7079889128,1021,U74
7079889129,1021,U74
7079889131,1021,U74
7079889132,1021,U74
7079889133,1021,U74
7079889137,1021,U74
7079889140,1021,U30
7079889140,1021,U30
7079889141,1021,U74
7079889144,1021,U74
7079889200,1021,U30
7079889200,1028,U30
7079889200,1021,U30
7079889200,1028,U30
7079889203,1021,U74
7079889203,1028,U30
7079889300,1021,U30
7079889301,1021,U74
7079889302,1021,U74
7079889303,1021,U74
7079889304,1021,U74
7079889305,1021,U74
7079889306,1021,U74
7079889307,1021,U74
7079889308,1021,U74
7079889311,1021,U74
7079889312,1021,U74
7079889314,1021,U74
7079889315,1021,U74
7079889316,1021,U30
7079889316,1021,U30
7079889318,1021,U74
7079889320,1021,U74
7079889321,1021,U30
7079889321,1021,U30
7079889321,1021,U30
7079889322,1021,U74
7079889323,1021,U74
7079889328,1021,U74
7079889329,1021,U74
7079889330,1021,U74
7079889500,1021,U30
7079889501,1021,U74
7079889502,1021,U74
7079889503,1021,U30
7079889503,1021,U30
7079889504,1021,U74
7079889506,1021,U74
7079889511,1021,U30
7079889512,1021,U30
7079889512,1021,U30
7079889513,1021,U74
7079889516,1021,U74
7079889519,1021,U74
7079889520,1021,U74
7079889521,1021,U74
7079889700,1021,U74
7079889701,1021,U74
7079889702,1021,U74
7079889703,1021,U74
7079889704,1021,U30
7079889704,1021,U30
7079889704,1028,U30
7079889708,1021,U74
7079889709,1021,U74
7079889711,1021,U74
7079889712,1021,U74
7079889713,1021,U74
7079889716,1021,U74
7079889717,1021,U74
7079889719,1021,U74
7079889721,1021,U30
7079889721,1021,U30
7079889722,1021,U74
7079889723,1021,U74
7079889726,1021,U30
7079889726,1021,U30
7079889728,1021,U74
7079889729,1021,U74
7079889730,1021,U74
7079889731,1021,U74
7079889800,1021,U74
7079889802,1021,U74
7079889803,1021,U74
7079889804,1021,U74
7079889806,1021,U74
7079889817,1021,U74
7079889818,1021,U74
7079889851,1021,U74
7079889854,1021,U74
7079889856,1021,U74
7079889859,1021,U74
7079889861,1021,U74
7079889862,1021,U74
7079889863,1021,U74
7079889865,1021,U74
7079889866,1021,U74
7079889868,1021,U74
7079889869,1021,U74
7079889870,1021,U74
7079889871,1021,U74
7079889872,1021,U74
7079889875,1021,U74
7079889876,1021,U74
7079889880,1021,U74
7079889900,1021,U74
7079889903,1021,U74
7079889904,1021,U74
7079889906,1021,U74
7079889907,1021,U74
7079889909,1021,U74
7079889910,1021,U74
7079889911,1021,U74
7079889912,1021,U74
7079889913,1021,U74
7079889919,1021,U74
7079889926,1021,U74
7079889931,1021,U74
7079889934,1021,U74
7079889935,1021,U74
7079889955,1021,U74
7565000043,1021,U30
7565000043,1028,U30
7565000043,1021,U30
7565000071,1029,U30
7565000082,1028,U30
7565000082,1021,U30
7565000121,1028,U30
7565000121,1021,U30
7565000126,1029,U30
7565000127,1029,U30
7565000128,1029,U30
7565000128,1029,U30
7565000129,1029,U30
7565000130,1029,U30
7565000137,1029,U30
7565000351,1021,U30
7565000370,1028,U30
7565000370,1021,U30
7565002196,1030,U71
7565002440,1029,U30
7565002440,1029,U30
7565004000,1021,U30
7565004000,1028,U30
7565004013,1021,U30
7565004013,1028,U30
7565004013,1028,U30
7565010012,1021,U30
7565010012,1028,U30
7565010075,1028,U30
7565010200,1029,U30
7565010640,1030,U71
7565012005,1028,U30
7565012005,1021,U30
7565012005,1030,U71
7565012012,1030,U71
7565012021,1030,U71
7565012506,1028,U30
7565012506,1021,U30
7565012506,1021,U30
7565012506,1028,U30
7565012507,1029,U30
7565012507,1029,U30
7565012530,1021,U30
7565012530,1028,U30
7565012532,1028,U30
7565012532,1021,U30
7565016001,1030,U74
7565017539,1028,U55
7565017540,1030,U74
7565020012,1021,U30
7565020012,1028,U30
7565021200,1029,U30
7565022025,1029,U30
7565024001,1030,U74
7565028700,1029,U30
7565028700,1030,U71
7565028700,1029,U30
7565028700,1029,U30
7565028730,1029,U30
7565029200,1029,U30
7565029598,1029,U30
7565029599,1029,U30
7565029600,1029,U30
7565029700,1029,U30
7565040016,1029,U30
7565040440,1021,U30
7565040440,1028,U30
7565040460,1029,U30
7565041612,1029,U30
7565041612,1029,U30
7565044010,1029,U30
7565044011,1029,U30
7565060316,1029,U30
7565062416,1029,U30
7565064416,1029,U30
7565070220,1029,U30
7565070220,1028,U30
7565070220,1021,U30
7565070220,1030,U74
7565070232,1028,U30
7565070232,1021,U30
7565070233,1028,U30
7565070233,1021,U30
7565070234,1028,U30
7565070234,1030,U71
7565070235,1028,U30
7565070235,1021,U30
7565070235,1029,U30
7565070235,1030,U71
7565070241,1029,U30
7565070246,1030,U78
7565070351,1029,U30
7565070370,1029,U30
7565072530,1029,U30
7565072530,1029,U30
7565072532,1029,U30
7565072532,1029,U30
9600080175,1025,U63
9600080176,1025,U63
9600080178,1025,U63
9600080364,1021,U65
9600081101,1025,U63
9600081101,1025,U63
9600081102,1025,U63
9600081102,1025,U63
9600081103,1025,U63
9600081103,1025,U63
9600081103,1025,U63
9600081203,1025,U63
9600081203,1025,U63
9600081203,1028,U61
9600081203,1021,U65
9600081204,1025,U63
9600081204,1025,U63
9600081209,1025,U63
9600081209,1025,U63
9600081209,1025,U63
9600081406,1025,U63
9600081406,1025,U63
9600081406,1021,U65
9600081407,1025,U63
9600081407,1025,U63
9600081409,1025,U63
9600081409,1025,U63
9600081409,1025,U63
9600081409,1025,U63
9600081411,1021,U65
9600081413,1025,U63
9600081424,1025,U63
9600081424,1025,U63
9600081431,1028,U61
9600081431,1021,U65
9600081431,1025,U63
9600081436,1025,U63
9600081438,1025,U63
9600081438,1025,U63
9600081439,1025,U63
9600081439,1025,U63
9600082118,1025,U63
9600082405,1025,U63
9600082405,1025,U63
9600082921,1021,U65
9600082922,1025,U63
9600082922,1025,U63
9600083207,1025,U63
9600083207,1028,U61
9600083207,1025,U63
9600083207,1021,U65
9600083229,1025,U63
9600083229,1021,U74
9600083240,1028,U61
9600083243,1021,U65
9600083243,1028,U61
9600083258,1028,U61
9600083258,1021,U65
9600083263,1021,U65
9600083263,1028,U61
9600083901,1025,U63
9600084010,1028,U61
9600084010,1021,U65
9600084021,1025,U63
9600084021,1025,U63
9600084111,1025,U63
9600084134,1025,U63
9600084142,1021,U65
9600084155,1025,U63
9600084158,1025,U63
9600084158,1025,U63
9600084205,1025,U63
9600084206,1025,U63
9600084206,1025,U63
9600084207,1025,U63
9600084207,1025,U63
9600084502,1025,U63
9600084502,1025,U63
9600084502,1025,U63
9600084959,1025,U63
9600084960,1021,U74
9600085004,1028,U61
9600085006,1028,U61
9600085108,1025,U63
9600085109,1028,U61
9600085109,1021,U65
9600085206,1025,U63
9600085206,1021,U65
9600085206,1028,U61
9600085206,1025,U63
9600085207,1021,U65
9600085207,1028,U61
9600085207,1028,U61
9600085208,1021,U65
9600085208,1025,U63
9600085208,1028,U61
9600085319,1025,U63
9600085319,1025,U63
9600086001,1021,U65
9600086001,1028,U61
9600086001,1025,U63
9600086012,1028,U61
9600086012,1021,U65
9600086013,1025,U63
9600086101,1025,U63
9600086101,1028,U61
9600086101,1021,U65
9600086101,1025,U63
9600086104,1025,U63
9600086304,1025,U63
9600086304,1021,U65
9600086304,1028,U61
9600086331,1021,U65
9600086331,1028,U61
9600086337,1025,U63
9600086402,1025,U63
9600086602,1025,U63
9600086602,1021,U65
9600086602,1028,U61
9600086614,1028,U61
9600087005,1028,U61
9600087005,1021,U65
9600087005,1021,U65
9600087006,1025,U63
9600087006,1025,U63
9600087006,1021,U65
9600087007,1028,U61
9600087007,1025,U63
9600087010,1028,U61
9600087010,1021,U65
9600087010,1021,U74
9600087010,1028,U61
9600087010,1021,U65
9600087011,1025,U63
9600087011,1028,U61
9600087011,1025,U63
9600087011,1021,U65
9600087016,1028,U61
9600087016,1021,U65
9600087017,1025,U63
9600087023,1028,U61
9600087027,1021,U65
9600087027,1028,U61
9600087037,1028,U61
9600087040,1021,U65
9600087047,1028,U61
9600087050,1028,U61
9600087052,1028,U61
9600087053,1021,U65
9600087054,1025,U63
9600087054,1025,U63
9600087054,1025,U63
9600087305,1025,U63
9600087309,1021,U65
9600087309,1028,U61
9600087309,1025,U63
9600087317,1025,U63
9600087317,1025,U63
9600087319,1025,U63
9600087319,1025,U63
9600087319,1021,U65
9600087403,1021,U65
9600087403,1028,U61
9600087403,1025,U63
9600087420,1021,U65
9600087901,1025,U63
9600087901,1021,U65
9600087901,1025,U63
9600087924,1021,U65
9600087928,1021,U65
9600087929,1021,U65
9600087939,1028,U61
9600087939,1021,U65
9600087940,1028,U61
9600087940,1021,U65
9600087962,1021,U65
9600087963,1021,U65
9600087964,1021,U65
9600087965,1021,U65
9600087967,1021,U65
9600087967,1028,U61
9600087973,1021,U65
9600087982,1021,U65
9600087983,1021,U65
9600087984,1021,U65
9600087985,1021,U65
9600087985,1028,U61
9600087992,1021,U65
9600087992,1028,U61
9600088002,1021,U65
9600088002,1028,U61
9600088003,1025,U63
9600088003,1028,U61
9600088003,1021,U65
9600088011,1028,U61
9600088011,1021,U65
9600088016,1025,U63
9600088016,1021,U65
9600088016,1028,U61
9600088022,1021,U65
9600088022,1028,U61
9600088043,1021,U65
9600088043,1028,U61
9600088043,1025,U63
9600088050,1025,U63
9600088050,1028,U61
9600088050,1021,U65
9600088068,1025,U63
9600088068,1025,U63
9600088076,1028,U61
9600088076,1021,U65
9600088092,1021,U65
9600088094,1021,U65
9600088107,1028,U61
9600088107,1021,U65
9600088110,1021,U65
9600088110,1028,U61
9600088110,1025,U63
9600088113,1025,U63
9600088113,1025,U63
9600088114,1025,U63
9600088115,1025,U63
9600088115,1025,U63
9600088117,1025,U63
9600088120,1021,U65
9600088125,1025,U63
9600088125,1025,U63
9600088134,1028,U61
9600088134,1025,U63
9600088135,1021,U65
9600088135,1028,U61
9600088212,1025,U63
9600088212,1025,U63
9600088212,1028,U61
9600088212,1021,U65
9600088223,1025,U63
9600088224,1021,U65
9600088224,1025,U63
9600088224,1028,U61
9600088225,1028,U61
9600088225,1025,U63
9600088225,1021,U65
9600088229,1025,U63
9600088302,1021,U65
9600088302,1028,U61
9600088302,1025,U63
9600088303,1021,U65
9600088303,1028,U61
9600088305,1021,U65
9600088305,1028,U61
9600088305,1025,U63
9600088307,1021,U65
9600088307,1028,U61
9600088309,1028,U61
9600088309,1021,U65
9600088310,1028,U61
9600088310,1021,U65
9600088315,1021,U65
9600088315,1028,U61
9600088317,1028,U61
9600088317,1021,U65
9600088318,1028,U61
9600088318,1021,U65
9600088330,1021,U65
9600088330,1028,U61
9600088330,1021,U65
9600088337,1028,U61
9600088337,1021,U65
9600088344,1021,U65
9600088344,1028,U61
9600088357,1021,U65
9600088358,1028,U61
9600088358,1021,U65
9600088361,1025,U63
9600088366,1025,U63
9600088366,1025,U63
9600088371,1021,U65
9600088389,1028,U61
9600088389,1021,U65
9600088389,1025,U63
9600088395,1028,U61
9600088396,1021,U65
9600088396,1028,U61
9600088396,1021,U74
9600088420,1028,U61
9600088421,1021,U65
9600088421,1028,U61
9600088435,1025,U63
9600088438,1025,U63
9600088444,1021,U74
9600088511,1025,U63
9600088511,1021,U65
9600088511,1025,U63
9600088518,1021,U65
9600088518,1021,U74
9600088518,1028,U61
9600088522,1025,U63
9600088522,1021,U74
9600088538,1025,U63
9600088538,1025,U63
9600088542,1025,U63
9600088542,1021,U65
9600088711,1025,U63
9600088711,1025,U63
9600088809,1028,U61
9600088809,1021,U65
9600088809,1025,U63
9600088842,1028,U61
9600088842,1025,U63
9600088842,1028,U61
9600088844,1025,U63
9600088844,1025,U63
9600088844,1025,U63
9600088845,1025,U63
9600088874,1021,U65
9600088874,1028,U61
9600088874,1025,U63
9600088877,1021,U65
9600088897,1021,U65
9601153030,1030,U78
9601201231,1025,U63
9601595006,1030,U78
9601595007,1030,U78
9604590001,1030,U78
9604590001,1030,U78
9604590004,1030,U78
9604590005,1030,U78
9604590005,1030,U78
9604590011,1030,U78
9604590011,1030,U71
9604590012,1030,U78
9604590013,1030,U78
9604590013,1030,U71
9604590020,1030,U78
9604590061,1030,U78
9604590062,1030,U78
9604590068,1030,U78
9604590069,1030,U78
9604590069,1030,U78
9604590070,1030,U78
9604590070,1030,U78
9604590071,1030,U78
9604590071,1030,U78
9604590072,1030,U78
9604591101,1030,U78
9604591102,1030,U78
9604591104,1030,U78
9604591104,1030,U71
9604591106,1030,U78
9604591107,1030,U78
9604591523,1030,U78
9604591523,1030,U78
9609040651,1030,U78
9681100005,1030,U78
9681200007,1025,U63
9681200007,1025,U63
9681200009,1025,U63
9681200009,1025,U63
9681200009,1025,U63
9681300001,1025,U63
9681400007,1025,U63
9681400012,1025,U63
9681400012,1025,U63
9681400012,1025,U63
9681400015,1021,U65
9681400019,1025,U63
9681400019,1021,U74
9681600003,1025,U63
9681600004,1021,U74
9681900003,1025,U63
9681900003,1025,U63
9681900003,1025,U63
9682000002,1025,U63
9682000003,1021,U74
9682000003,1021,U65
9682100001,1025,U63
9682200003,1021,U74
9682200003,1021,U65
9682300009,1025,U63
9682300016,1025,U63
9682300016,1025,U63
9682300022,1025,U63
9682300022,1025,U63
9682300023,1025,U63
9682300023,1025,U63
9682300038,1025,U63
9682300040,1021,U74
9682300040,1021,U65
9682300042,1021,U74
9682300042,1021,U65
9682400026,1025,U63
9682400026,1025,U63
9682400030,1025,U63
9682900014,1025,U63
9682900014,1025,U63
9682900018,1025,U63
9682900018,1025,U63
9683000016,1028,U61
9683000016,1021,U65
9683000035,1021,U65
9683000035,1028,U61
9683000044,1021,U65
9683000045,1021,U65
9683200040,1028,U61
9683200040,1021,U65
9683200053,1028,U61
9683200053,1021,U65
9683200053,1021,U74
9683200103,1021,U65
9683200103,1028,U61
9683200177,1028,U61
9683200235,1021,U65
9683200235,1028,U61
9683200243,1028,U61
9683200243,1021,U65
9683200280,1028,U61
9683200286,1021,U74
9683200288,1028,U61
9683200288,1021,U65
9683200318,1021,U65
9683200370,1028,U61
9683200371,1028,U61
9683200371,1021,U65
9683200377,1021,U65
9683200377,1028,U61
9683200414,1025,U63
9683200415,1021,U65
9683200416,1028,U61
9683200416,1028,U61
9683200417,1028,U61
9683200418,1021,U65
9683200425,1028,U61
9683200427,1028,U61
9683500051,1021,U65
9683500051,1028,U61
9683500051,1028,U61
9683500100,1028,U61
9683700007,1025,U63
9683700013,1021,U74
9683900018,1021,U74
9683900018,1021,U65
9684000006,1025,U63
9684000006,1025,U63
9684000006,1025,U63
9684000012,1025,U63
9684000012,1025,U63
9684000023,1025,U63
9684000024,1025,U63
9684000024,1025,U63
9684000025,1025,U63
9684000025,1025,U63
9684000025,1025,U63
9684100014,1021,U74
9684100014,1021,U65
9684100021,1025,U63
9684100036,1025,U63
9684100055,1025,U63
9684100070,1025,U63
9684100072,1025,U63
9684100072,1025,U63
9684100072,1025,U63
9684300004,1025,U63
9684300043,1021,U74
9684300043,1021,U65
9684300044,1021,U65
9684600010,1028,U61
9684600010,1021,U65
9684600034,1028,U61
9684600034,1021,U65
9684600042,1021,U65
9684600042,1021,U74
9684600063,1025,U63
9684600065,1025,U63
9684600065,1025,U63
9684600065,1025,U63
9684600073,1021,U65
9684600101,1028,U61
9684900038,1025,U63
9684900038,1025,U63
9685000008,1021,U65
9685000008,1028,U61
9685000010,1021,U65
9685100003,1021,U65
9685100003,1028,U61
9685100003,1028,U61
9685100004,1021,U65
9685100004,1028,U61
9685100008,1028,U61
9685100008,1021,U65
9685200004,1028,U61
9685200004,1021,U65
9685200009,1028,U61
9685200009,1021,U65
9685200019,1021,U65
9685200019,1028,U61
9685200022,1028,U61
9685200022,1025,U63
9685200022,1021,U65
9685200022,1028,U61
9685200026,1028,U61
9685200026,1021,U65
9685200073,1030,U78
9686000009,1021,U65
9686000009,1028,U61
9686000009,1028,U61
9686000026,1025,U63
9686000026,1025,U63
9686000028,1025,U63
9686000028,1025,U63
9686000037,1025,U63
9686000037,1025,U63
9686000039,1025,U63
9686000039,1025,U63
9686000041,1021,U65
9686000043,1028,U61
9686000053,1028,U61
9686100003,1025,U63
9686100003,1025,U63
9686100009,1025,U63
9686100010,1025,U63
9686100021,1025,U63
9686200004,1030,U78
9686200005,1030,U78
9686200006,1025,U63
9686300008,1025,U63
9686300018,1028,U61
9686300021,1025,U63
9686300027,1025,U63
9686300029,1025,U63
9686300031,1025,U63
9686400008,1028,U61
9686400017,1025,U63
9686500020,1025,U63
9686600001,1021,U65
9686600003,1028,U61
9686600005,1028,U61
9686600006,1028,U61
9686600006,1021,U65
9686600006,1028,U61
9686600011,1028,U61
9686600018,1025,U63
9686600018,1025,U63
9686600020,1021,U65
9686600020,1028,U61
9686600021,1021,U65
9686600023,1028,U61
9686600024,1028,U61
9686600024,1021,U65
9686600026,1021,U65
9686600026,1028,U61
9686600027,1028,U61
9686600028,1028,U61
9686600028,1028,U61
9686600029,1028,U61
9686600029,1028,U61
9686600031,1025,U63
9686600042,1030,U78
9686600048,1025,U63
9686700001,1028,U61
9686700004,1028,U61
9686700004,1021,U65
9686700012,1021,U65
9686700012,1028,U61
9686700033,1021,U65
9686700033,1028,U61
9686700039,1028,U61
9686700039,1021,U65
9686700040,1028,U61
9686700041,1021,U65
9686700043,1028,U61
9686700043,1021,U65
9686700043,1028,U61
9686700044,1021,U65
9686700044,1028,U61
9686700045,1028,U61
9686700045,1028,U61
9686700046,1028,U61
9686700047,1021,U65
9686700048,1021,U65
9686700049,1028,U61
9686700049,1021,U65
9686700052,1028,U61
9686700053,1028,U61
9686700054,1028,U61
9686700055,1028,U61
9686700056,1028,U61
9686700057,1021,U65
9686700057,1028,U61
9686700060,1028,U61
9686700061,1028,U61
9686700077,1028,U61
9686700078,1025,U63
9686700079,1025,U63
9686700080,1025,U63
9686700082,1025,U63
9686700083,1025,U63
9686700085,1025,U63
9686700086,1025,U63
9686700087,1025,U63
9686700088,1025,U63
9686700089,1025,U63
9686700090,1025,U63
9686700091,1025,U63
9686700092,1025,U63
9686700093,1025,U63
9686700094,1025,U63
9686700095,1025,U63
9686700096,1025,U63
9686700097,1025,U63
9686700098,1025,U63
9686700099,1025,U63
9686900019,1028,U61
9687000005,1025,U63
9687000005,1025,U63
9687000017,1025,U63
9687000018,1028,U61
9687000018,1028,U61
9687000022,1025,U63
9687000023,1021,U65
9687000043,1028,U61
9687000043,1028,U61
9687000044,1025,U63
9687000060,1028,U61
9687000060,1028,U61
9687000060,1021,U65
9687000066,1021,U65
9687000071,1021,U65
9687000077,1021,U65
9687000078,1028,U61
9687100003,1028,U61
9687100003,1021,U65
9687100021,1028,U61
9687100021,1021,U65
9687200004,1021,U65
9687200004,1028,U61
9687200007,1025,U63
9687200008,1021,U74
9687400013,1025,U63
9687400015,1021,U65
9687400015,1028,U61
9687400015,1028,U61
9687400023,1021,U65
9687400043,1028,U61
9687400043,1021,U65
9687400055,1028,U61
9687400065,1028,U61
9687400065,1028,U61
9687400065,1021,U65
9687400066,1028,U61
9687400073,1028,U61
9687400073,1021,U65
9687800004,1028,U61
9687800004,1028,U61
9687800005,1021,U65
9687800008,1025,U63
9687800008,1025,U63
9687800015,1021,U65
9687800015,1028,U61
9687800022,1021,U65
9687800022,1028,U61
9687900034,1021,U65
9687900034,1028,U61
9687900044,1028,U61
9687900065,1021,U65
9687900076,1028,U61
9687900076,1021,U65
9687900096,1021,U65
9687900096,1028,U61
9687900104,1028,U61
9687900109,1021,U65
9687900113,1021,U65
9687900113,1028,U61
9687900121,1025,U63
9687900123,1025,U63
9687900124,1025,U63
9687900124,1025,U63
9687900126,1025,U63
9687900128,1021,U65
9687900128,1028,U61
9687900131,1021,U65
9687900132,1021,U65
9687900132,1028,U61
9687900133,1021,U65
9687900134,1021,U65
9687900135,1021,U65
9688000003,1021,U65
9688000003,1028,U61
9688000003,1021,U65
9688000008,1025,U63
9688000026,1021,U65
9688000026,1028,U61
9688000031,1028,U61
9688000031,1021,U65
9688000032,1028,U61
9688000032,1021,U65
9688000073,1028,U61
9688000073,1021,U65
9688000082,1028,U61
9688000092,1028,U61
9688000092,1021,U65
9688000094,1021,U65
9688000094,1028,U61
9688000111,1021,U65
9688000111,1028,U61
9688000123,1028,U61
9688000126,1021,U65
9688000126,1028,U61
9688000139,1021,U65
9688000151,1025,U63
9688000152,1025,U63
9688000162,1028,U61
9688000162,1021,U65
9688000162,1028,U61
9688000164,1021,U74
9688000164,1021,U65
9688100003,1028,U61
9688100003,1025,U63
9688100003,1021,U65
9688100003,1028,U61
9688100029,1028,U61
9688100029,1021,U65
9688100029,1021,U65
9688100029,1021,U74
9688100032,1021,U65
9688100055,1021,U65
9688100072,1025,U63
9688100104,1028,U68
9688100104,1028,U61
9688100104,1021,U65
9688200006,1021,U65
9688200007,1021,U65
9688200010,1025,U63
9688200010,1028,U61
9688200013,1021,U65
9688200014,1028,U61
9688200022,1025,U63
9688200022,1025,U63
9688200064,1021,U65
9688200067,1021,U74
9688200067,1025,U63
9688200067,1021,U65
9688200074,1021,U65
9688200087,1028,U61
9688300046,1025,U63
9688300048,1021,U65
9688300061,1028,U61
9688300061,1021,U65
9688300071,1028,U61
9688300072,1021,U74
9688300073,1021,U74
9688300076,1021,U65
9688300076,1028,U61
9688300076,1025,U63
9688300091,1025,U63
9688300092,1021,U65
9688300092,1028,U61
9688300092,1021,U74
9688300092,1021,U65
9688300092,1025,U63
9688300092,1030,U78
9688300099,1021,U65
9688300099,1028,U61
9688400022,1025,U63
9688400024,1028,U61
9688400024,1021,U74
9688400024,1021,U65
9688400024,1028,U61
9688400026,1021,U65
9688400027,1028,U61
9688400027,1028,U61
9688400031,1025,U63
9688400031,1025,U63
9688400037,1021,U74
9688400043,1025,U63
9688400044,1025,U63
9688400044,1025,U63
9688400048,1025,U63
9688400052,1025,U63
9688400052,1025,U63
9688500018,1028,U61
9688500018,1021,U65
9688500023,1021,U65
9688500023,1028,U61
9688500032,1028,U61
9688500032,1021,U65
9688500032,1025,U63
9688500033,1021,U65
9688500033,1028,U61
9688500033,1025,U63
9688500036,1021,U65
9688500036,1028,U61
9688500041,1021,U65
9688500041,1028,U61
9688500050,1021,U65
9688500054,1025,U63
9688500058,1021,U65
9688500058,1028,U61
9688600008,1021,U65
9688600008,1028,U61
9688600028,1021,U65
9688600031,1025,U63
9688600031,1025,U63
9688700004,1028,U61
9688700033,1028,U61
9688700033,1021,U65
9688700061,1021,U65
9688800001,1021,U65
9688900055,1028,U61
9688900055,1021,U65
9688900059,1028,U61
9688900059,1021,U65
9688900078,1021,U65
9688900078,1028,U61
9688900078,1025,U63
9688900079,1021,U65
9688900079,1028,U61
9688900091,1025,U63
9688900106,1028,U61
9688900106,1021,U65
9688900121,1028,U61
9688900121,1021,U65
9688900131,1021,U74
9688900155,1025,U63
9688900157,1021,U74
9688900158,1021,U65
9688900163,1021,U65
9688900163,1028,U61
9688900164,1021,U65
9689700002,1021,U65
9689700003,1021,U65
9689700004,1021,U65
9689700005,1021,U65
9689700006,1021,U65
9689700007,1021,U65
9689700008,1021,U65
9689700009,1021,U65
9689700012,1021,U65
9689700016,1028,U61
9689700016,1028,U61
9689700017,1028,U61
9689700018,1028,U61
9689700018,1028,U61
9689700019,1028,U61
9689700019,1028,U61
9689700020,1025,U63
9689700021,1025,U63
9689700022,1025,U63
9689700023,1025,U63
9689700026,1025,U63
9689700027,1025,U63
9689700028,1025,U63
9689700029,1025,U63
9689700033,1025,U63
9689700036,1025,U63
9689700053,1025,U63
9689700056,1021,U74
9689700057,1021,U74
9689700059,1021,U74
9689700065,1028,U61
9689700065,1021,U74
9689700066,1028,U61
9689700066,1021,U74
9689700067,1028,U61
9689700067,1021,U74
9689700068,1021,U74
9689700069,1021,U74
9689700072,1028,U61
9689700073,1028,U61
9689700074,1028,U61
9689700075,1028,U61
9689700076,1028,U61
9691200004,1030,U78
9692100007,1030,U78
9692100007,1030,U78
9692100039,1030,U78
9692100046,1030,U78
9692100059,1030,U78
9692100059,1030,U78
9692100064,1030,U78
9692100064,1030,U78
9692100067,1030,U71
9692100075,1030,U78
9692100075,1030,U78
9692100081,1030,U78
9692300014,1030,U78
9692300014,1030,U78
9692300017,1030,U78
9692300017,1030,U78
9692900001,1030,U78
9692900001,1030,U78
9692900002,1030,U78
9692900002,1030,U78
9692900003,1030,U78
9692900003,1030,U78
9693200001,1030,U78
9693200001,1030,U78
9693300001,1030,U78
9693300001,1030,U78
9693300002,1030,U78
9693300002,1030,U78
9693500001,1030,U78
9694100001,1025,U63
9694100001,1025,U63
9694100001,1025,U63
9694200001,1030,U78
9694200001,1030,U78
9694200002,1030,U78
9694200002,1030,U78
9694200007,1030,U78
9695100003,1030,U78
9695100003,1030,U78
9695200002,1030,U78
9695200002,1030,U78
9695200003,1030,U78
9695200006,1030,U78
9695200006,1030,U78
9700033356,1021,U73
9700033356,1021,U73
9700033358,1021,U73
9700033358,1021,U73
9700040002,1021,U73
9700040487,1025,U59
9700041065,1028,U68
9700041065,1021,U73
9700041065,1021,U73
9700041066,1028,U68
9700041066,1021,U73
9700041066,1021,U73
9700042958,1021,U73
9700042958,1021,U73
9700042958,1028,U68
9700043317,1021,U73
9700043364,1021,U73
9700043364,1021,U73
9700043545,1021,U73
9700043749,1025,U59
9700043750,1025,U59
9700043751,1025,U59
9700043755,1025,U59
9700043758,1025,U59
9700043771,1021,U73
9700043774,1028,U68
9700043990,1021,U73
9700043990,1028,U68
9700043990,1021,U73
9700043991,1021,U73
9700043991,1021,U73
9700044238,1021,U73
9700044238,1021,U73
9700044238,1028,U68
9700044247,1025,U59
9700044248,1025,U59
9700044249,1025,U59
9700044276,1025,U59
9700044277,1025,U59
9700044360,1025,U59
9700044385,1021,U73
9700044386,1021,U73
9700044419,1021,U73
9700044442,1028,U68
9700044442,1021,U73
9700044442,1021,U73
9700044606,1021,U73
9700044622,1025,U76
9700044653,1028,U68
9700044653,1021,U73
9700044774,1021,U73
9700044774,1021,U73
9700044802,1025,U59
9700044829,1021,U73
9700045474,1021,U73
9700045474,1021,U73
9700045475,1021,U73
9700045475,1021,U73
9700045476,1021,U73
9700045476,1021,U73
9700045553,1028,U68
9700045553,1021,U74
9700045713,1025,U59
9700045749,1021,U74
9700045755,1028,U74
9700045755,1021,U74
9700045881,1021,U73
9700045881,1021,U73
9700045881,1028,U68
9700045886,1028,U68
9700045886,1021,U73
9700046220,1028,U68
9700046220,1021,U73
9700046220,1021,U73
9700046488,1021,U73
9700046541,1028,U68
9700046568,1021,U74
9700046568,1028,U74
9700046798,1021,U73
9700046898,1025,U59
9700046898,1025,U59
9700046944,1021,U73
9700047066,1021,U73
9700047066,1021,U73
9700047097,1021,U73
9700047192,1025,U59
9700047192,1025,U76
9700047196,1021,U73
9700047269,1025,U59
9700047269,1025,U59
9700047270,1025,U59
9700047270,1025,U59
9700047271,1025,U59
9700047275,1025,U59
9700047280,1025,U59
9700047357,1021,U74
9700047357,1028,U74
9700047484,1025,U59
9700047484,1025,U59
9700047511,1021,U73
9700047511,1028,U68
9700047512,1021,U73
9700047530,1021,U73
9700047542,1025,U76
9700047567,1021,U73
9700047567,1021,U73
9700047568,1021,U73
9700047569,1021,U73
9700047569,1021,U73
9700047570,1021,U73
9700047570,1021,U73
9700047571,1021,U73
9700047573,1021,U73
9700047573,1021,U74
9700047573,1021,U74
9700047590,1021,U73
9700047590,1028,U68
9700047817,1028,U68
9700047852,1021,U73
9700047869,1025,U59
9700047869,1025,U59
9700047908,1025,U59
9700047909,1025,U59
9700047932,1025,U59
9700047935,1025,U59
9700047937,1025,U76
9700047953,1025,U76
9700047957,1025,U76
9700047959,1025,U76
9700047959,1025,U59
9700047959,1025,U59
9700047962,1025,U59
9700048053,1021,U74
9700048055,1021,U74
9700048058,1028,U68
9700048058,1021,U73
9700048058,1021,U73
9700048074,1021,U73
9700048081,1028,U74
9700048081,1021,U74
9700048083,1021,U73
9700048083,1028,U68
9700048095,1021,U74
9700048100,1021,U74
9700048110,1021,U73
9700048110,1021,U73
9700048110,1028,U68
9700048152,1028,U68
9700048155,1028,U68
9700048238,1028,U68
9700048238,1021,U73
9700048238,1021,U73
9700048458,1021,U73
9700048458,1021,U73
9700048472,1021,U73
9700048479,1021,U74
9700048479,1028,U74
9700048552,1025,U59
9700048553,1025,U59
9700048554,1025,U59
9700048555,1025,U59
9700048559,1025,U59
9700048560,1025,U59
9700048561,1025,U59
9700048562,1025,U59
9700048563,1025,U59
9700048564,1025,U59
9700048567,1028,U68
9700048567,1021,U73
9700048568,1028,U68
9700048568,1021,U73
9700048571,1021,U73
9700048573,1021,U73
9700048573,1021,U73
9700048573,1028,U68
9700048576,1021,U73
9700048576,1021,U73
9700048580,1021,U73
9700048581,1021,U73
9700048581,1028,U68
9700048584,1021,U74
9700048593,1021,U73
9700048593,1028,U68
9700048597,1028,U68
9700048597,1021,U73
9700048613,1025,U59
9700048614,1025,U59
9700048616,1021,U73
9700048617,1021,U73
9700048638,1028,U68
9700048646,1021,U73
9700048646,1028,U68
9700048646,1021,U73
9700048649,1028,U68
9700048649,1021,U73
9700048649,1021,U73
9700048652,1028,U68
9700048652,1021,U73
9700048652,1021,U73
9700048668,1028,U68
9700048668,1021,U73
9700048668,1021,U73
9700048671,1028,U68
9700048671,1021,U73
9700048671,1021,U73
9700048674,1028,U68
9700048674,1021,U73
9700048674,1021,U73
9700048677,1021,U73
9700048677,1028,U68
9700048677,1021,U73
9700048710,1028,U68
9700048716,1028,U68
9700048718,1028,U68
9700048721,1028,U68
9700048721,1021,U73
9700048721,1021,U73
9700048723,1021,U73
9700048723,1028,U68
9700048723,1021,U73
9700048822,1021,U73
9700048822,1021,U73
9700048823,1021,U73
9700048831,1021,U73
9700048831,1021,U73
9700048834,1021,U73
9700048834,1021,U73
9700048837,1021,U73
9700048837,1021,U73
9700048840,1021,U73
9700048840,1021,U73
9700048846,1021,U73
9700048846,1021,U73
9700048849,1021,U73
9700048849,1028,U68
9700048849,1021,U73
9700048890,1021,U73
9700048890,1028,U68
9700048898,1028,U68
9700048924,1021,U74
9700048924,1021,U73
9700048939,1028,U68
9700048939,1021,U73
9700048951,1028,U68
9700048951,1021,U73
9700048961,1028,U68
9700048961,1021,U73
9700049022,1021,U73
9700049022,1021,U73
9700049025,1028,U68
9700049050,1021,U73
9700049051,1021,U73
9700049081,1028,U68
9700049083,1028,U68
9700049084,1028,U68
9700049107,1028,U68
9700049109,1021,U73
9700049109,1021,U73
9700049110,1021,U73
9700049110,1021,U73
9700049115,1021,U73
9700049115,1021,U73
9700049115,1028,U68
9700049169,1028,U68
9700049180,1028,U68
9700049194,1021,U73
9700049194,1021,U73
9700049194,1028,U68
9700049195,1021,U73
9700049195,1028,U68
9700049195,1021,U73
9700049196,1021,U73
9700049196,1021,U73
9700049196,1028,U68
9700049228,1025,U59
9700049230,1021,U73
9700049267,1021,U73
9700049268,1021,U73
9700049279,1021,U73
9700049279,1021,U73
9700049285,1028,U68
9700049289,1021,U73
9700049289,1021,U73
9700049311,1025,U59
9700049313,1025,U59
9700049329,1021,U73
9700049329,1028,U68
9700049331,1025,U59
9700049332,1025,U59
9700049333,1021,U73
9700049333,1028,U68
9700049333,1021,U73
9700049334,1021,U73
9700049334,1028,U68
9700049334,1021,U73
9700049340,1025,U59
9700049346,1025,U59
9700049347,1025,U59
9700049359,1025,U59
9700049360,1025,U59
9700049366,1025,U59
9700049375,1021,U73
9700049378,1021,U73
9700049380,1028,U68
9700049393,1030,U78
9700049393,1030,U78
9700049397,1021,U73
9700049397,1021,U73
9700049398,1021,U73
9700049404,1025,U59
9700049405,1025,U59
9700049407,1025,U59
9700049444,1025,U59
9700049462,1021,U73
9700049462,1021,U73
9700049463,1021,U73
9700049487,1028,U68
9700049489,1021,U73
9700049489,1021,U73
9700049524,1021,U73
9700049524,1028,U68
9700049524,1021,U73
9700049526,1028,U68
9700049528,1028,U68
9700049528,1021,U73
9700049536,1028,U68
9700049536,1021,U73
9700049536,1021,U73
9700049538,1028,U68
9700049538,1021,U73
9700049538,1021,U73
9700049540,1028,U68
9700049540,1021,U73
9700049542,1028,U68
9700049549,1025,U59
9700049550,1025,U59
9700049560,1025,U59
9700049563,1021,U73
9700049563,1021,U73
9700049563,1028,U68
9700049564,1021,U73
9700049564,1021,U73
9700049565,1021,U73
9700049565,1021,U73
9700049566,1021,U74
9700049566,1028,U74
9700049567,1021,U73
9700049567,1021,U73
9700049631,1021,U73
9700049631,1021,U73
9700049632,1021,U73
9700049633,1021,U73
9700049634,1021,U73
9700049636,1021,U73
9700049637,1021,U73
9700049640,1028,U68
9700049640,1021,U73
9700049642,1028,U68
9700049642,1021,U73
9700049687,1028,U68
9700049689,1028,U68
9700049690,1028,U68
9700049697,1025,U59
9700049699,1028,U68
9700049703,1028,U68
9700049713,1028,U68
9700049725,1028,U68
9700049726,1028,U68
9700049738,1021,U73
9700049738,1021,U73
9700049741,1021,U73
9700049741,1021,U73
9700049742,1028,U68
9700049753,1021,U73
9700049753,1021,U73
9700049755,1028,U68
9700049758,1028,U68
9700049761,1021,U73
9700049761,1028,U68
9700049762,1021,U73
9700049763,1028,U68
9700049763,1021,U73
9700049764,1028,U68
9700049764,1021,U73
9700049764,1021,U73
9700049765,1028,U68
9700049766,1028,U68
9700049767,1028,U68
9700049802,1028,U68
9700049803,1021,U30
9700049821,1021,U74
9700049821,1021,U74
9700049823,1021,U74
9700049823,1021,U74
9700049828,1021,U74
9700049828,1021,U74
9700049829,1021,U74
9700049829,1021,U74
9700049834,1025,U59
9700049834,1025,U76
9700049835,1025,U59
9700049836,1025,U59
9700049837,1025,U59
9700049854,1021,U74
9700049862,1021,U73
9700049862,1021,U73
9700049863,1021,U73
9700049864,1028,U68
9700049864,1021,U73
9700049864,1021,U73
9700049865,1021,U73
9700049866,1028,U68
9700049868,1028,U68
9700049868,1021,U73
9700049868,1021,U73
9700049870,1028,U68
9700049961,1030,U78
9700049961,1030,U78
9700050058,1030,U78
9700050079,1030,U78
9700050223,1030,U78
9700050254,1021,U73
9700050254,1028,U68
9700050267,1028,U68
9700050267,1021,U30
9700050268,1028,U68
9700050315,1021,U73
9700050326,1028,U68
9700050328,1028,U68
9700050331,1028,U68
9700050334,1028,U68
9700050340,1028,U68
9700050342,1028,U68
9700050395,1030,U78
9700050402,1021,U74
9700050405,1021,U74
9700050405,1028,U74
9700050406,1021,U74
9700050410,1021,U74
9700050417,1021,U73
9700050418,1021,U73
9700050419,1021,U73
9700050420,1021,U73
9700050421,1021,U73
9700050422,1021,U73
9700050423,1021,U73
9700050425,1030,U74
9700050426,1030,U78
9700050426,1030,U74
9700050426,1030,U78
9700050427,1030,U74
9700050429,1030,U74
9700050430,1030,U74
9700050431,1030,U74
9700050432,1030,U74
9700050433,1030,U74
9700050434,1030,U74
9700050435,1030,U74
9700050436,1030,U74
9700050437,1030,U74
9700050439,1025,U59
9700050439,1025,U59
9700050443,1021,U73
9700050443,1029,U30
9700050443,1021,U73
9700050444,1021,U73
9700050444,1029,U31
9700050447,1021,U73
9700050448,1021,U73
9700050454,1021,U73
9700050454,1021,U73
9700050467,1030,U78
9700050467,1030,U78
9700050468,1030,U78
9700050468,1030,U78
9700050469,1030,U78
9700050469,1030,U78
9700050482,1025,U59
9700050490,1028,U68
9700050496,1030,U78
9700050496,1030,U78
9700050497,1030,U78
9700050497,1030,U78
9700050533,1030,U78
9700050533,1030,U78
9700050534,1030,U78
9700050534,1030,U78
9700050546,1030,U78
9700050546,1030,U78
9700050547,1030,U78
9700050547,1030,U78
9700050549,1030,U78
9700050549,1030,U78
9700050550,1030,U78
9700050550,1030,U78
9700050551,1030,U78
9700050551,1030,U78
9700050552,1030,U78
9700050552,1030,U78
9700050565,1021,U73
9700050598,1030,U78
9700050599,1030,U78
9700050602,1030,U78
9700050602,1030,U78
9700050626,1021,U73
9700050626,1028,U68
9700050681,1030,U78
9700050681,1030,U78
9700050682,1030,U78
9700050682,1030,U78
9700050723,1021,U73
9700050739,1030,U71
9700050740,1025,U59
9700050747,1021,U73
9700050749,1021,U73
9700050750,1029,U74
9700050750,1029,U74
9700050751,1021,U73
9700050766,1028,U68
9700050768,1021,U73
9700050768,1029,U30
9700050771,1021,U73
9700050796,1021,U74
9700050819,1021,U73
9700050823,1021,U73
9700050823,1021,U73
9700050824,1021,U73
9700050824,1021,U73
9700050825,1021,U73
9700050847,1030,U74
9700050856,1021,U73
9700050856,1021,U73
9700050858,1028,U68
9700050859,1028,U68
9700050860,1021,U74
9700050860,1028,U74
9700050865,1025,U59
9700050867,1030,U78
9700050868,1030,U78
9700050869,1021,U74
9700050870,1021,U74
9700050871,1021,U74
9700050872,1021,U74
9700050873,1021,U74
9700050874,1021,U74
9700050877,1030,U78
9700050880,1030,U78
9700050882,1030,U78
9700050885,1030,U78
9700050893,1030,U78
9700050894,1030,U78
9700050916,1021,U73
9700050918,1028,U68
9700050972,1021,U73
9700050972,1021,U73
9700050981,1030,U78
9700050981,1030,U78
9700050982,1030,U78
9700050982,1030,U78
9700050998,1030,U78
9700050998,1030,U78
9700051005,1021,U73
9700051021,1021,U74
9700051022,1021,U74
9700051023,1021,U74
9700051062,1030,U78
9700051062,1030,U78
9700051063,1030,U78
9700051063,1030,U78
9700051071,1030,U78
9700051075,1021,U73
9700051077,1029,U30
9700051078,1029,U30
9700051079,1029,U30
9700051087,1030,U78
9700051090,1030,U78
9700051091,1030,U78
9700051092,1030,U78
9700051101,1030,U78
9700051103,1030,U78
9700051104,1030,U78
9700051119,1030,U78
9700051120,1030,U78
9700051121,1030,U78
9700051126,1030,U78
9700051133,1030,U78
9700051136,1030,U78
9700051137,1030,U78
9700051137,1030,U78
9700051140,1028,U68
9700051140,1021,U73
9700051141,1021,U73
9700051141,1028,U68
9700051143,1028,U68
9700051144,1021,U73
9700051144,1028,U68
9700051145,1021,U73
9700051145,1028,U68
9700051156,1028,U68
9700051182,1030,U78
9700051182,1030,U78
9700051185,1030,U78
9700051186,1028,U68
9700051186,1021,U73
9700051200,1021,U73
9700051214,1021,U73
9700051216,1021,U73
9700051218,1021,U73
9700051220,1028,U68
9700051222,1028,U68
9700051224,1028,U68
9700051225,1021,U73
9700051225,1028,U68
9700051247,1030,U78
9700051247,1030,U78
9700051248,1030,U78
9700051248,1030,U78
9700051250,1030,U78
9700051258,1021,U73
9700051262,1021,U73
9700051263,1021,U73
9700051264,1021,U73
9700051266,1021,U73
9700051273,1021,U73
9700051273,1021,U73
9700051283,1028,U68
9700051283,1021,U73
9700051285,1021,U73
9700051285,1021,U73
9700051287,1028,U68
9700051289,1021,U73
9700051289,1021,U73
9700051291,1028,U68
9700051300,1030,U78
9700051300,1030,U78
9700051305,1025,U59
9700051306,1025,U59
9700051306,1025,U76
9700051306,1025,U59
9700051309,1025,U59
9700051318,1021,U73
9700051322,1021,U74
9700051322,1028,U74
9700051323,1021,U74
9700051323,1028,U74
9700051325,1021,U74
9700051325,1028,U74
9700051331,1030,U78
9700051333,1030,U78
9700051335,1030,U78
9700051337,1025,U59
9700051338,1025,U59
9700051339,1030,U78
9700051340,1030,U78
9700051341,1030,U78
9700051342,1030,U78
9700051343,1030,U78
9700051344,1030,U78
9700051349,1030,U78
9700051350,1030,U78
9700051351,1030,U78
9700051352,1030,U78
9700051353,1030,U78
9700051354,1030,U78
9700051355,1030,U78
9700051356,1030,U78
9700051357,1030,U78
9700051358,1030,U78
9700051359,1030,U78
9700051361,1030,U78
9700051362,1030,U78
9700051364,1030,U78
9700051365,1030,U78
9700051365,1030,U78
9700051371,1021,U73
9700051372,1030,U71
9700051376,1021,U74
9700051376,1021,U74
9700051377,1021,U74
9700051377,1021,U74
9700051379,1021,U74
9700051385,1025,U59
9700051386,1028,U68
9700051386,1021,U73
9700051387,1021,U73
9700051388,1028,U68
9700051388,1021,U73
9700051389,1028,U68
9700051389,1021,U73
9700051390,1021,U73
9700051390,1028,U68
9700051391,1021,U73
9700051391,1028,U68
9700051396,1028,U68
9700051397,1021,U73
9700051397,1028,U68
9700051397,1021,U73
9700051398,1021,U73
9700051398,1028,U68
9700051398,1021,U73
9700051399,1028,U68
9700051400,1028,U68
9700051400,1021,U73
9700051401,1028,U68
9700051402,1028,U68
9700051414,1028,U68
9700051416,1028,U68
9700051422,1021,U74
9700051423,1021,U74
9700051433,1021,U73
9700051433,1028,U68
9700051434,1021,U73
9700051434,1028,U68
9700051436,1021,U73
9700051436,1028,U68
9700051450,1029,C02
9700051450,1029,C02
9700051451,1029,C02
9700051452,1029,C02
9700051453,1029,C02
9700051453,1029,C02
9700051454,1029,C02
9700051454,1029,C02
9700051456,1029,C02
9700051458,1029,C02
9700051459,1029,C02
9700051460,1029,C02
9700051477,1030,U78
9700051488,1029,C02
9700051489,1029,C02
9700051489,1029,C02
9700051490,1029,C02
9700051490,1029,C02
9700051491,1029,C02
9700051491,1029,C02
9700051499,1025,U59
9700051501,1030,U78
9700051502,1030,U78
9700051506,1030,U78
9700051511,1030,U78
9700051511,1030,U78
9700051516,1030,U78
9700051517,1030,U78
9700051517,1030,U78
9700051518,1028,U68
9700051518,1021,U73
9700051525,1030,U78
9700051526,1030,U78
9700051527,1030,U78
9700051528,1030,U78
9700051529,1021,U73
9700051529,1028,U68
9700051531,1021,U73
9700051531,1028,U68
9700051533,1028,U68
9700051534,1028,U68
9700051535,1021,U73
9700051535,1021,U73
9700051535,1028,U68
9700051536,1028,U68
9700051536,1021,U73
9700051536,1021,U73
9700051537,1021,U73
9700051538,1030,U78
9700051539,1021,U73
9700051540,1021,U73
9700051541,1021,U73
9700051542,1021,U73
9700051543,1021,U73
9700051544,1021,U73
9700051551,1025,U59
9700051551,1025,U76
9700051555,1025,U59
9700051559,1021,U73
9700051561,1021,U73
9700051561,1021,U73
9700051562,1021,U73
9700051563,1021,U73
9700051563,1021,U73
9700051564,1021,U73
9700051565,1021,U73
9700051565,1021,U73
9700051566,1021,U73
9700051567,1021,U73
9700051567,1021,U73
9700051568,1021,U73
9700051570,1021,U73
9700051572,1021,U73
9700051573,1021,U74
9700051573,1028,U74
9700051574,1021,U74
9700051574,1028,U74
9700051575,1021,U74
9700051575,1028,U74
9700051577,1021,U73
9700051577,1028,U68
9700051579,1021,U73
9700051579,1028,U68
9700051583,1028,U68
9700051584,1021,U73
9700051586,1029,U74
9700051586,1029,C02
9700051591,1030,U78
9700051597,1021,U73
9700051597,1021,U73
9700051598,1025,U59
9700051599,1030,U78
9700051599,1030,U78
9700051601,1028,U68
9700051601,1021,U73
9700051602,1028,U68
9700051603,1028,U68
9700051604,1021,U73
9700051604,1021,U73
9700051605,1021,U73
9700051606,1021,U73
9700051607,1021,U73
9700051607,1021,U73
9700051608,1021,U73
9700051608,1021,U73
9700051611,1021,U74
9700051612,1021,U73
9700051612,1021,U73
9700051613,1021,U73
9700051614,1021,U74
9700051620,1028,U68
9700051620,1021,U73
9700051620,1021,U73
9700051621,1021,U73
9700051621,1028,U68
9700051622,1021,U73
9700051622,1021,U73
9700051622,1028,U68
9700051623,1028,U68
9700051623,1021,U73
9700051623,1021,U73
9700051624,1021,U73
9700051624,1028,U68
9700051625,1021,U73
9700051625,1021,U73
9700051625,1028,U68
9700051626,1028,U68
9700051626,1021,U73
9700051626,1021,U73
9700051627,1028,U68
9700051627,1021,U73
9700051628,1021,U73
9700051628,1021,U73
9700051628,1028,U68
9700051629,1021,U73
9700051629,1021,U73
9700051629,1028,U68
9700051630,1028,U68
9700051630,1021,U73
9700051630,1028,U68
9700051631,1021,U73
9700051631,1028,U68
9700051631,1021,U73
9700051632,1028,U68
9700051632,1021,U73
9700051632,1021,U73
9700051633,1028,U68
9700051633,1021,U73
9700051633,1021,U73
9700051634,1021,U73
9700051634,1028,U68
9700051635,1021,U73
9700051635,1021,U73
9700051635,1028,U68
9700051636,1028,U68
9700051636,1021,U73
9700051636,1021,U73
9700051637,1021,U73
9700051637,1028,U68
9700051640,1021,U73
9700051640,1028,U68
9700051641,1021,U73
9700051641,1021,U73
9700051641,1028,U68
9700051642,1021,U73
9700051642,1028,U68
9700051642,1021,U73
9700051643,1021,U74
9700051643,1021,U74
9700051644,1021,U74
9700051644,1021,U74
9700051645,1021,U74
9700051652,1029,C02
9700051653,1029,C02
9700051654,1029,C02
9700051655,1029,C02
9700051656,1021,U73
9700051658,1021,U74
9700051658,1028,U74
9700051661,1021,U74
9700051661,1028,U74
9700051692,1021,U74
9700051692,1028,U74
9700051692,1028,U74
9700051692,1021,U74
9700051693,1021,U74
9700051693,1021,U74
9700051693,1028,U74
9700051693,1028,U74
9700051710,1029,C02
9700051710,1029,C02
9700051711,1025,U59
9700051712,1025,U59
9700051713,1021,U73
9700051714,1028,U68
9700051715,1028,U68
9700051715,1021,U73
9700051717,1028,U68
9700051719,1028,U68
9700051722,1028,U68
9700051723,1028,U68
9700051747,1029,C02
9700051748,1029,U30
9700051748,1030,C02
9700051753,1021,U73
9700051753,1028,U68
9700051754,1021,U73
9700051754,1021,U73
9700051754,1028,U68
9700051755,1030,U78
9700051759,1021,U74
9700051759,1028,U74
9700051759,1021,U74
9700051760,1021,U74
9700051760,1021,U74
9700051760,1028,U74
9700051761,1021,U74
9700051761,1028,U74
9700051761,1021,U74
9700051764,1021,U74
9700051764,1028,U74
9700051765,1021,U74
9700051767,1021,U74
9700051768,1021,U74
9700051768,1021,U74
9700051768,1028,U74
9700051769,1021,U74
9700051769,1028,U74
9700051770,1021,U74
9700051770,1028,U74
9700051771,1021,U74
9700051771,1028,U74
9700051772,1029,C02
9700051773,1029,C02
9700051774,1025,U59
9700051775,1025,U76
9700051780,1030,U78
9700051781,1030,U78
9700051781,1030,U78
9700051782,1030,U78
9700051783,1030,U78
9700051788,1028,U68
9700051788,1021,U73
9700051791,1021,U74
9700051792,1021,U74
9700051793,1030,U78
9700051794,1030,U78
9700051795,1030,U78
9700051800,1021,U73
9700051803,1028,U68
9700051807,1025,U59
9700051808,1025,U59
9700051813,1025,U59
9700051814,1025,U59
9700051815,1030,U78
9700051816,1021,U73
9700051817,1030,U78
9700051818,1030,U78
9700051819,1030,U78
9700051819,1030,U78
9700051820,1030,U78
9700051822,1030,U78
9700051828,1021,U74
9700051828,1021,U74
9700051836,1021,U74
9700051836,1021,U74
9700051837,1021,U74
9700051837,1021,U74
9700051838,1021,U74
9700051838,1021,U74
9700051847,1029,C02
9700051847,1029,C02
9700051877,1021,U73
9700051877,1021,U74
9700051879,1021,U73
9700051879,1021,U74
9700051883,1021,U73
9700051884,1021,U73
9700051884,1021,U73
9700051887,1021,U74
9700051887,1021,U73
9700051889,1021,U73
9700051891,1021,U74
9700051891,1021,U73
9700051896,1021,U73
9700051896,1021,U73
9700051896,1028,U68
9700051897,1021,U73
9700051897,1028,U68
9700051898,1021,U73
9700051898,1028,U68
9700051899,1021,U73
9700051899,1021,U73
9700051899,1028,U68
9700051900,1021,U73
9700051900,1028,U68
9700051900,1021,U73
9700051901,1028,U68
9700051901,1021,U73
9700051901,1021,U73
9700051902,1021,U73
9700051902,1021,U73
9700051902,1028,U68
9700051903,1021,U73
9700051903,1028,U68
9700051903,1021,U73
9700051904,1021,U74
9700051904,1028,U74
9700051906,1028,U74
9700051906,1021,U74
9700051907,1021,U74
9700051907,1028,U74
9700051908,1028,U74
9700051908,1021,U74
9700051910,1021,U73
9700051910,1028,U68
9700051912,1028,U68
9700051912,1021,U73
9700051914,1021,U73
9700051914,1028,U68
9700051918,1028,U68
9700051919,1021,U74
9700051919,1021,U74
9700051919,1028,U74
9700051920,1021,U74
9700051920,1021,U74
9700051920,1028,U74
9700051921,1021,U73
9700051921,1021,U73
9700051922,1030,U78
9700051923,1021,U74
9700051923,1021,U74
9700051928,1028,U68
9700051931,1030,U78
9700051932,1030,U78
9700051942,1021,U73
9700051942,1021,U73
9700051947,1021,U73
9700051948,1021,U73
9700051949,1021,U74
9700051949,1028,U74
9700051949,1021,U74
9700051949,1028,U74
9700051953,1030,U78
9700051953,1030,U78
9700051954,1030,U78
9700051954,1030,U78
9700051955,1030,U78
9700051955,1030,U78
9700051956,1028,U68
9700051961,1021,U74
9700051961,1021,U73
9700051963,1021,U73
9700051963,1021,U74
9700051965,1021,U73
9700051965,1021,U74
9700051967,1021,U73
9700051969,1021,U73
9700051969,1021,U74
9700051971,1021,U73
9700051971,1021,U74
9700051972,1030,U78
9700051974,1021,U74
9700051976,1021,U74
9700051980,1021,U73
9700051980,1028,U68
9700051980,1021,U73
9700051981,1028,U68
9700051983,1021,U73
9700051983,1028,U68
9700051983,1028,U68
9700051985,1021,U73
9700051985,1021,U73
9700051987,1021,U73
9700051987,1021,U73
9700051988,1021,U73
9700051988,1028,U68
9700051988,1021,U73
9700051989,1028,U68
9700051989,1021,U73
9700051990,1029,C02
9700051991,1029,C02
9700051992,1029,C02
9700051993,1029,C02
9700051994,1021,U73
9700051994,1021,U73
9700051995,1021,U73
9700051996,1021,U73
9700051996,1028,U68
9700051998,1030,U53
9700051998,1030,U78
9700052000,1030,U78
9700052001,1030,U78
9700052002,1030,C02
9700052003,1030,C02
9700052004,1030,C02
9700052005,1028,U68
9700052005,1021,U73
9700052006,1021,U73
9700052006,1028,U68
9700052006,1021,U73
9700052006,1028,U68
9700052007,1021,U73
9700052007,1028,U68
9700052007,1021,U73
9700052008,1028,U68
9700052008,1021,U73
9700052011,1028,U68
9700052012,1028,U68
9700052013,1021,U74
9700052013,1021,U74
9700052014,1030,U78
9700052015,1028,U68
9700052017,1021,U73
9700052020,1029,C02
9700052021,1029,C02
9700052022,1029,C02
9700052027,1021,U73
9700052027,1028,U68
9700052028,1030,U78
9700052028,1029,U30
9700052028,1030,U78
9700052029,1030,U78
9700052029,1029,U30
9700052029,1030,U78
9700052030,1030,U78
9700052030,1029,U30
9700052030,1030,U78
9700052031,1021,U74
9700052032,1021,U74
9700052033,1029,C02
9700052033,1029,C02
9700052034,1029,C02
9700052035,1021,U74
9700052036,1021,U74
9700052040,1030,U78
9700052042,1030,U78
9700052044,1029,C02
9700052044,1029,C02
9700052052,1029,C02
9700052053,1029,C02
9700052053,1029,C02
9700052058,1030,U78
9700052062,1021,U74
9700052063,1021,U74
9700052064,1021,U74
9700052066,1030,U78
9700052070,1030,U78
9700052078,1021,U74
9700052078,1021,U74
9700052083,1028,U74
9700052083,1021,U74
9700052083,1021,U74
9700052083,1028,U74
9700052084,1021,U74
9700052084,1028,U74
9700052084,1021,U74
9700052084,1028,U74
9700052085,1021,U74
9700052085,1021,U74
9700052085,1028,U74
9700052085,1028,U74
9700052086,1021,U74
9700052086,1028,U74
9700052086,1028,U74
9700052086,1021,U74
9700052087,1021,U74
9700052087,1028,U74
9700052089,1021,U74
9700052089,1028,U74
9700052092,1025,U59
9700052096,1021,U74
9700052096,1021,U74
9700052097,1021,U74
9700052097,1021,U74
9700052100,1030,U78
9700052101,1021,U74
9700052101,1021,U74
9700052102,1021,U74
9700052102,1021,U74
9700052104,1028,U68
9700052104,1021,U73
9700052105,1028,U68
9700052106,1021,U74
9700052106,1021,U73
9700052106,1021,U73
9700052108,1021,U74
9700052108,1021,U73
9700052110,1021,U73
9700052110,1021,U73
9700052112,1021,U73
9700052113,1021,U73
9700052113,1021,U73
9700052113,1028,U68
9700052114,1028,U68
9700052119,1021,U73
9700052120,1021,U74
9700052120,1021,U73
9700052121,1021,U74
9700052121,1021,U73
9700052122,1021,U74
9700052122,1021,U73
9700052123,1030,U78
9700052130,1030,U78
9700052131,1030,U78
9700052132,1021,U73
9700052132,1028,U68
9700052133,1028,U68
9700052133,1021,U73
9700052134,1028,U68
9700052134,1021,U73
9700052135,1021,U73
9700052135,1028,U68
9700052137,1025,U59
9700052138,1028,U68
9700052138,1021,U73
9700052138,1021,U73
9700052139,1028,U68
9700052140,1028,U68
9700052142,1021,U74
9700052142,1028,U74
9700052143,1028,U74
9700052143,1021,U74
9700052144,1021,U74
9700052144,1028,U74
9700052145,1021,U74
9700052145,1028,U74
9700052146,1021,U74
9700052146,1028,U74
9700052147,1021,U74
9700052148,1021,U74
9700052149,1021,U74
9700052150,1021,U74
9700052151,1021,U74
9700052151,1021,U73
9700052152,1021,U74
9700052153,1028,U68
9700052154,1028,U68
9700052155,1028,U68
9700052156,1021,U74
9700052157,1021,U74
9700052158,1021,U73
9700052158,1028,U68
9700052158,1021,U73
9700052160,1021,U74
9700052163,1028,U68
9700052164,1028,U68
9700052165,1028,U68
9700052177,1021,U73
9700052178,1028,U68
9700052186,1025,U59
9700052187,1030,U78
9700052188,1030,U78
9700052190,1030,U78
9700052191,1030,U78
9700052192,1030,U78
9700052193,1030,U78
9700052194,1021,U74
9700052195,1021,U74
9700052195,1021,U74
9700052198,1021,U74
9700052198,1021,U74
9700052201,1021,U74
9700052201,1028,U74
9700052201,1028,U74
9700052201,1021,U74
9700052202,1021,U74
9700052202,1021,U74
9700052202,1028,U74
9700052203,1021,U74
9700052203,1021,U74
9700052203,1028,U74
9700052204,1028,U74
9700052204,1021,U74
9700052205,1021,U74
9700052205,1021,U74
9700052205,1028,U74
9700052205,1028,U74
9700052207,1021,U73
9700052208,1021,U73
9700052208,1021,U73
9700052209,1021,U73
9700052210,1021,U74
9700052210,1021,U74
9700052212,1021,U74
9700052212,1021,U74
9700052216,1021,U73
9700052217,1021,U73
9700052217,1021,U73
9700052218,1021,U73
9700052218,1021,U73
9700052221,1021,U74
9700052222,1021,U73
9700052222,1021,U74
9700052227,1030,U74
9700052228,1030,U74
9700052229,1030,U74
9700052230,1030,U74
9700052231,1030,U74
9700052244,1021,U74
9700052250,1028,U68
9700052251,1030,U78
9700052253,1028,U68
9700052255,1028,U68
9700052256,1030,U78
9700052257,1028,U74
9700052263,1025,U59
9700052263,1025,U59
9700052264,1021,U74
9700052264,1028,U74
9700052265,1021,U74
9700052265,1028,U74
9700052266,1021,U73
9700052266,1021,U73
9700052267,1021,U73
9700052267,1021,U73
9700052268,1021,U73
9700052268,1021,U73
9700052269,1021,U73
9700052269,1021,U73
9700052270,1021,U73
9700052270,1021,U73
9700052271,1021,U73
9700052276,1021,U73
9700052276,1021,U73
9700052279,1030,U78
9700052280,1030,U78
9700052281,1030,U78
9700052283,1030,U78
9700052284,1021,U73
9700052292,1030,U78
9700052293,1021,U73
9700052293,1028,U68
9700052294,1021,U73
9700052294,1028,U68
9700052295,1021,U73
9700052295,1028,U68
9700052305,1021,U73
9700052305,1028,U68
9700052306,1021,U73
9700052306,1028,U68
9700052307,1021,U73
9700052307,1028,U68
9700052308,1021,U73
9700052309,1030,U78
9700052310,1021,U73
9700052310,1028,U68
9700052310,1021,U73
9700052311,1021,U73
9700052312,1021,U73
9700052313,1028,U68
9700052314,1021,U73
9700052315,1021,U73
9700052316,1021,U73
9700052317,1021,U73
9700052317,1028,U68
9700052321,1021,U73
9700052321,1028,U68
9700052330,1028,U68
9700052330,1021,U73
9700052337,1021,U73
9700052337,1028,U68
9700052337,1021,U73
9700052338,1028,U68
9700052339,1028,U68
9700052340,1028,U68
9700052341,1028,U68
9700052343,1028,U68
9700052343,1021,U73
9700052344,1028,U68
9700052344,1021,U73
9700052345,1028,U68
9700052346,1028,U68
9700052353,1028,U68
9700052356,1021,U74
9700052365,1025,U59
9700052366,1025,U59
9700052368,1030,U78
9700052369,1030,U78
9700052370,1021,U73
9700052378,1028,U68
9700052378,1021,U73
9700052379,1021,U73
9700052379,1028,U68
9700052380,1028,U68
9700052380,1021,U73
9700052381,1021,U73
9700052381,1028,U68
9700052382,1021,U73
9700052382,1028,U68
9700052383,1028,U68
9700052383,1021,U73
9700052384,1030,U78
9700052385,1030,U78
9700052400,1021,U73
9700052400,1028,U68
9700052400,1021,U73
9700052401,1021,U73
9700052401,1028,U68
9700052402,1021,U73
9700052402,1028,U68
9700052403,1028,U68
9700052404,1028,U68
9700052405,1028,U68
9700052406,1028,U68
9700052407,1028,U68
9700052407,1021,U73
9700052408,1028,U68
9700052409,1021,U74
9700052410,1021,U74
9700052411,1021,U74
9700052412,1021,U74
9700052414,1021,U74
9700052415,1021,U74
9700052417,1021,U73
9700052418,1021,U73
9700052420,1021,U73
9700052420,1028,U68
9700052422,1028,U74
9700052422,1021,U74
9700052423,1021,U73
9700052423,1028,U68
9700052424,1028,U68
9700052425,1021,U73
9700052427,1021,U74
9700052428,1030,U78
9700052429,1021,U73
9700052430,1021,U73
9700052431,1028,U68
9700052432,1028,U68
9700052433,1021,U74
9700052434,1025,U59
9700052439,1028,U68
9700052439,1021,U73
9700052440,1028,U68
9700052441,1021,U73
9700052441,1028,U68
9700052442,1030,U78
9700052443,1030,U78
9700052444,1021,U73
9700052444,1028,U68
9700052445,1028,U68
9700052446,1028,U68
9700052447,1028,U68
9700052448,1028,U68
9700052449,1028,U68
9700052450,1028,U68
9700052451,1021,U73
9700052452,1028,U68
9700052454,1028,U68
9700052455,1028,U68
9700052456,1028,U68
9700052461,1028,U68
9700052463,1028,U68
9700052463,1021,U73
9700052465,1028,U68
9700052465,1021,U73
9700052467,1021,U73
9700052467,1028,U68
9700052468,1021,U73
9700052468,1028,U68
9700052469,1021,U73
9700052469,1028,U68
9700052470,1021,U73
9700052470,1028,U68
9700052471,1028,U68
9700052471,1021,U73
9700052472,1021,U73
9700052472,1028,U68
9700052473,1021,U73
9700052473,1028,U68
9700052474,1028,U68
9700052475,1021,U73
9700052475,1028,U68
9700052476,1021,U73
9700052476,1028,U68
9700052477,1021,U73
9700052477,1028,U68
9700052478,1028,U68
9700052478,1021,U73
9700052479,1021,U73
9700052480,1021,U73
9700052481,1021,U73
9700052482,1021,U73
9700052482,1028,U68
9700052490,1028,U68
9700052491,1028,U68
9700052493,1021,U73
9700052496,1028,U68
9700052504,1028,U68
9700052505,1028,U68
9700052506,1028,U68
9700052507,1028,U68
9700052508,1028,U68
9700052508,1021,U73
9700052510,1030,U78
9700052511,1021,U74
9700052512,1021,U74
9700052513,1030,U78
9700052514,1028,U68
9700052515,1028,U68
9700052518,1021,U74
9700052519,1021,U74
9700052520,1021,U74
9700052522,1028,U68
9700052522,1021,U73
9700052523,1028,U68
9700052529,1030,U78
9700052532,1028,U68
9700052533,1021,U74
9700052534,1021,U74
9700052536,1030,U78
9700052547,1021,U73
9700052547,1028,U68
9700052549,1021,U73
9700052550,1021,U73
9700052551,1021,U73
9700052553,1030,U78
9700052559,1021,U74
9700052562,1030,U78
9700052565,1021,U73
9700052565,1028,U68
9700052566,1028,U68
9700052566,1021,U73
9700052569,1030,U78
9700052570,1030,U78
9700052571,1030,U78
9700052572,1030,U78
9700052573,1030,U78
9700052574,1030,U78
9700052575,1030,U78
9700052576,1028,U68
9700052579,1021,U73
9700052580,1021,U74
9700052581,1021,U74
9700052582,1030,U78
9700052586,1021,U73
9700052600,1021,U73
9700052624,1028,U68
9700052653,1028,U68
9700052654,1028,U68
9700052661,1028,U68
9700052665,1021,U73
9700052668,1021,U73
9700052680,1021,U74
9700052681,1021,U74
9700052682,1021,U74
9700052684,1021,U74
9700052685,1021,U74
9700052687,1021,U74
9700052690,1021,U74
9700052693,1021,U73
9700060822,1028,U68
9700061488,1025,U59
9700062703,1021,U73
9700064324,1028,U68
9700064324,1021,U73
9700064324,1021,U74
9700064324,1025,U76
9700064324,1021,U73
9700065389,1025,U59
9700066392,1021,U73
9700066392,1021,U73
9700066430,1021,U73
9700066700,1021,U74
9700066730,1028,U74
9700069572,1025,U59
9700069687,1021,U73
9700069687,1028,U68
9700069687,1021,U73
9700069691,1028,U68
9700069691,1021,U73
9700069691,1021,U73
9700072008,1025,U76
9700073219,1025,U76
9700073236,1025,U76
9700073237,1025,U76
9700073250,1021,U73
9700073251,1021,U73
9700073252,1021,U73
9700073256,1021,U73
9700073430,1025,U76
9700073594,1021,U73
9700074376,1021,U74
9700074431,1021,U74
9700074549,1021,U74
9700074550,1021,U74
9700074616,1028,U74
9700074617,1028,U74
9700074694,1028,U74
9700074694,1021,U74
9700074694,1028,U74
9700074694,1021,U74
9700074695,1021,U74
9700074695,1028,U74
9700074695,1021,U74
9700074695,1028,U74
9700074696,1028,U74
9700074696,1021,U74
9700074696,1021,U74
9700074696,1028,U74
9700074698,1021,U74
9700074698,1028,U74
9700074698,1028,U74
9700074698,1021,U74
9700074699,1021,U74
9700074699,1028,U74
9700074699,1021,U74
9700074699,1028,U74
9700074700,1028,U74
9700074700,1021,U74
9700074700,1021,U74
9700074700,1028,U74
9700074732,1028,U74
9700074732,1021,U74
9700074732,1021,U74
9700074732,1028,U74
9700074732,1030,U74
9700074756,1028,U74
9700074822,1028,U74
9700074824,1028,U74
9700074826,1028,U74
9700074848,1021,U74
9700074848,1021,U74
9700074848,1028,U74
9700074923,1028,U68
9700074923,1028,U74
9700074925,1028,U68
9700074925,1028,U74
9700075107,1028,U74
9700075108,1028,U74
9700075109,1028,U74
9700075110,1028,U74
9700075113,1028,U74
9700075115,1028,U74
9700075190,1028,U74
9700075191,1028,U74
9700075202,1021,U74
9700075202,1028,U74
9700075202,1021,U74
9700075202,1028,U74
9700075221,1021,U74
9700075339,1025,U76
9700075340,1025,U76
9700075341,1025,U59
9700075346,1028,U68
9700075348,1021,U73
9700075350,1028,U68
9700075352,1021,U73
9700075360,1021,U74
9700075360,1021,U74
9700075360,1028,U74
9700075366,1021,U74
9700075386,1021,U74
9700075387,1021,U74
9700075388,1021,U74
9700075407,1021,U74
9700075425,1021,U74
9700075425,1021,U74
9700075425,1028,U74
9700075425,1028,U74
9700075444,1021,U74
9700075460,1021,U74
9700075534,1021,U74
9700075568,1028,U68
9700075570,1021,U74
9700075570,1028,U74
9700075624,1028,U68
9700075633,1028,U68
9700075648,1021,U74
9700266142,1025,U76
9700271019,1025,U76
9700314878,1025,U76
9700314881,1025,U76
9700314886,1025,U76
9700314887,1025,U76
9700314889,1025,U76
9700314891,1025,U76
9700314893,1025,U76
9700314894,1025,U76
9700314895,1025,U76
9700314897,1025,U76
9700314898,1025,U76
9700314899,1025,U76
9700314900,1025,U76
9700314901,1025,U76
9700314934,1025,U76
9700314943,1025,U76
9700314973,1025,U76
9700314987,1025,U76
9700314989,1025,U76
9700314990,1025,U76
9700314996,1025,U76
9700315045,1025,U76
9700315053,1025,U76
9700315059,1025,U76
9700315062,1025,U76
9700315067,1025,U76
9700315070,1025,U76
9700315076,1025,U76
9700315079,1025,U76
9700315099,1025,U76
9700315103,1025,U76
9700315109,1025,U76
9700315112,1025,U76
9700315120,1025,U76
9700315122,1025,U76
9700315130,1025,U76
9700315132,1025,U76
9700315141,1025,U76
9700315178,1025,U76
9700315194,1025,U76
9700315212,1025,U76
9700315213,1025,U76
9700315221,1025,U76
9700315300,1025,U76
9700315348,1025,U76
9700315349,1025,U76
9700315359,1025,U76
9700315373,1025,U76
9700315375,1025,U76
9700315379,1025,U76
9700315381,1025,U76
9700315382,1025,U76
9700315383,1025,U76
9700315384,1025,U76
9700315385,1025,U76
9700315389,1025,U76
9700315391,1025,U76
9700315393,1025,U76
9700315399,1025,U76
9700315407,1025,U76
9700315416,1025,U76
9700315417,1025,U76
9700315418,1025,U76
9700315419,1025,U76
9700315420,1025,U76
9700315421,1025,U76
9700315429,1025,U76
9700315432,1025,U76
9700315433,1025,U76
9700315438,1025,U76
9700315446,1025,U76
9700315450,1025,U76
9700315451,1025,U76
9700315455,1025,U76
9700315466,1025,U76
9700315469,1025,U76
9700315471,1025,U76
9700315473,1025,U76
9700315474,1025,U76
9700315475,1025,U76
9700315478,1025,U76
9700315482,1025,U76
9700315495,1025,U76
9700315499,1025,U76
9700315500,1025,U76
9700315502,1025,U76
9700315503,1025,U76
9700315507,1025,U76
9700315512,1025,U76
9700315514,1025,U76
9700315516,1025,U76
9700315517,1025,U76
9700315535,1025,U76
9700315536,1025,U76
9700315539,1025,U76
9700315556,1025,U76
9700315562,1025,U76
9700315563,1025,U76
9700315565,1025,U76
9700315567,1025,U76
9700315568,1025,U76
9700315569,1025,U76
9700315570,1025,U76
9700315571,1025,U76
9700315575,1025,U76
9700315576,1025,U76
9700315577,1025,U76
9700315578,1025,U76
9700315579,1025,U76
9700315580,1025,U76
9700315581,1025,U76
9700315584,1025,U76
9700315585,1025,U76
9700315586,1025,U76
9700315587,1025,U76
9700315588,1025,U76
9700315589,1025,U76
9700315590,1025,U76
9700315594,1025,U76
9700315595,1025,U76
9700315597,1025,U76
9700315598,1025,U76
9700315600,1025,U76
9700315602,1025,U76
9700315605,1025,U76
9700315621,1025,U76
9700315631,1025,U76
9700315637,1025,U76
9700315638,1025,U76
9700315639,1025,U76
9700315640,1025,U76
9700315642,1025,U76
9700315646,1025,U76
9700315650,1025,U76
9700315651,1025,U76
9700315653,1025,U76
9700315658,1025,U76
9700315659,1025,U76
9700315687,1025,U76
9700315688,1025,U76
9700315689,1025,U76
9700315691,1025,U76
9700315692,1025,U76
9700315698,1025,U76
9700315704,1025,U76
9700315706,1025,U76
9700315710,1025,U76
9700315715,1025,U76
9700315719,1025,U76
9700315720,1025,U76
9700315724,1025,U76
9700315728,1025,U76
9700315730,1025,U76
9700315731,1025,U76
9700315732,1025,U76
9700315733,1025,U76
9700315736,1025,U76
9700315737,1025,U76
9700315738,1025,U76
9700315742,1025,U76
9700315747,1025,U76
9700315748,1025,U76
9700315750,1025,U76
9700315754,1025,U76
9700315756,1025,U76
9700315757,1025,U76
9700315758,1025,U76
9700315777,1025,U76
9700315826,1025,U76
9700315827,1025,U76
9700315841,1025,U76
9700315848,1025,U76
9700315849,1025,U76
9700315850,1025,U76
9700315855,1025,U76
9700315861,1025,U76
9700315862,1025,U76
9700315863,1025,U76
9700315866,1025,U76
9700315874,1025,U76
9700315875,1025,U76
9700315878,1025,U76
9700315884,1025,U76
9700315899,1025,U76
9700315924,1025,U76
9700315929,1025,U76
9700315933,1025,U76
9700315942,1025,U76
9700315944,1025,U76
9700315945,1025,U76
9700315946,1025,U76
9700315950,1025,U76
9700315952,1025,U76
9700315953,1025,U76
9700315954,1025,U76
9700315955,1025,U76
9700315957,1025,U76
9700315958,1025,U76
9700315959,1025,U76
9700315960,1025,U76
9700315964,1025,U76
9700315968,1025,U76
9700315970,1025,U76
9700315973,1025,U76
9700315983,1025,U76
9700315984,1025,U76
9700315993,1025,U76
9700316010,1025,U76
9700316012,1025,U76
9700316028,1025,U76
9700316033,1025,U76
9700316034,1025,U76
9700316043,1025,U76
9700316047,1025,U76
9700316054,1025,U76
9700316056,1025,U76
9700316061,1025,U76
9700316062,1025,U76
9700316077,1025,U76
9700316091,1025,U76
9700316092,1025,U76
9700316093,1025,U76
9700316104,1025,U76
9700316105,1025,U76
9700316106,1025,U76
9700316107,1025,U76
9700316108,1025,U76
9700316110,1025,U76
9700316125,1025,U76
9700316131,1025,U76
9700316133,1025,U76
9700316134,1025,U76
9700316135,1025,U76
9700316136,1025,U76
9700316159,1025,U76
9700316167,1025,U76
9700316169,1025,U76
9700316181,1025,U76
9700316185,1025,U76
9700316193,1025,U76
9700316197,1025,U76
9700316221,1025,U76
9700316222,1025,U76
9700316230,1025,U76
9700316231,1025,U76
9700316233,1025,U76
9700316234,1025,U76
9700316238,1025,U76
9700316239,1025,U76
9700316250,1025,U76
9700316256,1025,U76
9700316263,1025,U76
9700316264,1025,U76
9700316265,1025,U76
9700316268,1025,U76
9700316269,1025,U76
9700316271,1025,U76
9700316275,1025,U76
9700316279,1025,U76
9700316280,1025,U76
9700316281,1025,U76
9700316282,1025,U76
9700316283,1025,U76
9700316285,1025,U76
9700316286,1025,U76
9700316287,1025,U76
9700316288,1025,U76
9700316292,1025,U76
9700316294,1025,U76
9700316295,1025,U76
9700316296,1025,U76
9700316297,1025,U76
9700316298,1025,U76
9700316299,1025,U76
9700316300,1025,U76
9700316301,1025,U76
9700316305,1025,U76
9700316308,1025,U76
9700316309,1025,U76
9700316311,1025,U76
9700316312,1025,U76
9700316313,1025,U76
9700316314,1025,U76
9700316315,1025,U76
9700316316,1025,U76
9700316317,1025,U76
9700316318,1025,U76
9700316319,1025,U76
9700316321,1025,U76
9700316323,1025,U76
9700316333,1025,U76
9700316337,1025,U76
9700316338,1025,U76
9700316339,1025,U76
9700316342,1025,U76
9700316344,1025,U76
9700316345,1025,U76
9700316346,1025,U76
9700316347,1025,U76
9700316348,1025,U76
9700316349,1025,U76
9700316350,1025,U76
9700316351,1025,U76
9700316352,1025,U76
9700316353,1025,U76
9700316356,1025,U76
9700316357,1025,U76
9700316358,1025,U76
9700316359,1025,U76
9700316360,1025,U76
9700316362,1025,U76
9700316363,1025,U76
9700316364,1025,U76
9700316365,1025,U76
9700316366,1025,U76
9700316367,1025,U76
9700316368,1025,U76
9700316378,1025,U76
9700316379,1025,U76
9700316380,1025,U76
9700316381,1025,U76
9700316382,1025,U76
9700316383,1025,U76
9700316384,1025,U76
9700316385,1025,U76
9700316386,1025,U76
9700316387,1025,U76
9700316388,1025,U76
9700316391,1025,U76
9700316392,1025,U76
9700316396,1025,U76
9700316398,1025,U76
9700316399,1025,U76
9700316402,1025,U76
9700316404,1025,U76
9700316405,1025,U76
9700316409,1025,U76
9700316410,1025,U76
9700316412,1025,U76
9700316415,1025,U76
9700316417,1025,U76
9700316424,1025,U76
9700316425,1025,U76
9700316426,1025,U76
9700316427,1025,U76
9700316429,1025,U76
9700316434,1025,U76
9700316437,1025,U76
9700316438,1025,U76
9700316444,1025,U76
9700316447,1025,U76
9700316450,1025,U76
9700316451,1025,U76
9700316452,1025,U76
9700316453,1025,U76
9700316460,1025,U76
9700316461,1025,U76
9700316464,1025,U76
9700316467,1025,U76
9700316469,1025,U76
9700316470,1025,U76
9700316471,1025,U76
9700316474,1025,U76
9700316477,1025,U76
9700316478,1025,U76
9700316479,1025,U76
9700316483,1025,U76
9700316485,1025,U76
9700316486,1025,U76
9700316490,1025,U76
9700316491,1025,U76
9700316495,1025,U76
9700316498,1025,U76
9700316499,1025,U76
9700316500,1025,U76
9700316501,1025,U76
9700316502,1025,U76
9700316503,1025,U76
9700316504,1025,U76
9700316506,1025,U76
9700316508,1025,U76
9700316511,1025,U76
9700316512,1025,U76
9700316514,1025,U76
9700316515,1025,U76
9700316516,1025,U76
9700316517,1025,U76
9700316518,1025,U76
9700316519,1025,U76
9700316520,1025,U76
9700316521,1025,U76
9700316522,1025,U76
9700316523,1025,U76
9700316524,1025,U76
9700316527,1025,U76
9700316528,1025,U76
9700600000,1030,U78
9700600000,1030,U78
9700600001,1030,U78
9700600001,1030,U78
9700600002,1030,U78
9700600002,1030,U78
9701000110,1030,U78
9701000110,1030,U78
9701000941,1030,U78
9701000951,1030,U78
9701012005,1030,U78
9701012005,1030,U78
9701200108,1030,U78
9701200108,1030,U74
9701200108,1021,U74
9701564101,1030,U78
9701564102,1030,U78
9701564104,1030,U78
9701564120,1030,U78
9701564123,1030,U78
9701564125,1030,U78
9701564126,1030,U78
9701564128,1030,U78
9701564130,1030,U78
9701564131,1030,U78
9701593012,1030,U78
9701593012,1030,U78
9701593045,1030,U78
9701593045,1030,U74
9701593045,1021,U74
9701593058,1030,U78
9701593058,1030,U78
9701593061,1030,U78
9701593061,1030,U78
9701593062,1030,U78
9701593062,1030,U78
9701593150,1030,U78
9701593150,1030,U78
9701593310,1030,U78
9701593310,1030,U78
9701691040,1030,U78
9704110212,1030,U78
9704510418,1030,U78
9704510418,1030,U69
9704522018,1030,U78
9704522018,1030,U74
9704522018,1030,U78
9704522019,1030,U78
9704522019,1030,U78
9704522020,1030,U78
9704522024,1030,U78
9704522024,1030,U78
9704529904,1030,U78
9704529904,1030,U78
9704529905,1030,U78
9704529905,1030,U74
9704529905,1030,U78
9704529906,1030,U78
9704529906,1030,U78
9704529908,1030,U78
9704529908,1030,U78
9704529919,1030,U78
9704529919,1030,U78
9704529924,1030,U78
9704529924,1030,U78
9704529947,1030,U78
9704529953,1030,U78
9704529991,1030,U78
9704529991,1030,U78
9704532010,1030,U78
9704532010,1030,U78
9704590080,1030,U78
9704590080,1030,U78
9704590130,1030,U78
9704590130,1030,U78
9704590131,1030,U78
9704590131,1030,U78
9704590132,1030,U78
9704590145,1030,U78
9704590145,1030,U78
9704590150,1030,U78
9704590150,1030,U78
9704590520,1030,U78
9704590520,1030,U78
9704590521,1030,U78
9704590521,1030,U78
9704590526,1030,U78
9704590526,1030,U78
9704590658,1030,U78
9704590658,1030,U78
9704590659,1030,U78
9704590659,1030,U78
9704590800,1030,U78
9704590801,1030,U78
9704591528,1030,U78
9704591528,1030,U78
9704659885,1030,U78
9705100013,1030,U78
9705100017,1030,U78
9705100017,1030,U78
9705100018,1030,U78
9705100021,1030,U78
9705100026,1030,U78
9705100027,1030,U78
9705100028,1030,U78
9705100030,1030,U78
9705100030,1030,U78
9705100031,1030,U78
9705100032,1030,U78
9705100034,1030,U78
9705100036,1030,U78
9705100089,1030,U78
9705100091,1030,U78
9705100093,1030,U78
9705100093,1030,U78
9705100111,1030,U78
9705100221,1030,U78
9705110100,1030,U78
9705110100,1030,U78
9705170042,1030,U78
9705170043,1030,U78
9705500171,1030,U78
9705500172,1030,U78
9705500333,1030,U78
9705500333,1030,U78
9705550003,1030,U78
9705550012,1030,U78
9705550029,1030,U78
9705550030,1030,U78
9705550039,1030,U78
9705550045,1030,U78
9705550100,1030,U69
9705550101,1030,U69
9705595104,1030,U78
9705595104,1030,U78
9705595105,1030,U78
9705595105,1030,U78
9705595107,1030,U78
9705595107,1030,U78
9705595109,1030,U78
9705595109,1030,U78
9706000006,1030,U78
9706000006,1030,U78
9706000020,1030,U69
9706000060,1030,U69
9706000063,1030,U69
9707516100,1030,U74
9707516101,1030,U74
9707516102,1030,U74
9707524101,1030,U74
9707524102,1030,U74
9707524103,1030,U74
9708003016,1030,U78
9709009018,1030,U78
9709009028,1030,U78
9709009029,1030,U78
9709095001,1030,U78
9709095005,1030,U78
9709095024,1030,U78
9800000958,1021,U30
9800012345,1021,U74
9800021000,1021,U30
9800021000,1021,U30
9800028050,1021,U74
9800048053,1021,U74
9800048055,1021,U74
9800051473,1021,U74
9800051485,1021,U74
9800070248,1030,U71
9800070248,1030,U53
9800072345,1021,U74
9870000007,1021,U74
9870000008,1021,U74
9870000012,1021,U74
9870000013,1021,U74
